-- MySQL dump 10.13  Distrib 5.5.35, for debian-linux-gnu (x86_64)
--
-- Host: localhost    Database: kf_db
-- ------------------------------------------------------
-- Server version	5.5.35-0ubuntu0.12.04.2

/*!40101 SET @OLD_CHARACTER_SET_CLIENT=@@CHARACTER_SET_CLIENT */;
/*!40101 SET @OLD_CHARACTER_SET_RESULTS=@@CHARACTER_SET_RESULTS */;
/*!40101 SET @OLD_COLLATION_CONNECTION=@@COLLATION_CONNECTION */;
/*!40101 SET NAMES utf8 */;
/*!40103 SET @OLD_TIME_ZONE=@@TIME_ZONE */;
/*!40103 SET TIME_ZONE='+00:00' */;
/*!40014 SET @OLD_UNIQUE_CHECKS=@@UNIQUE_CHECKS, UNIQUE_CHECKS=0 */;
/*!40014 SET @OLD_FOREIGN_KEY_CHECKS=@@FOREIGN_KEY_CHECKS, FOREIGN_KEY_CHECKS=0 */;
/*!40101 SET @OLD_SQL_MODE=@@SQL_MODE, SQL_MODE='NO_AUTO_VALUE_ON_ZERO' */;
/*!40111 SET @OLD_SQL_NOTES=@@SQL_NOTES, SQL_NOTES=0 */;

--
-- Table structure for table `category`
--

DROP TABLE IF EXISTS `category`;
/*!40101 SET @saved_cs_client     = @@character_set_client */;
/*!40101 SET character_set_client = utf8 */;
CREATE TABLE `category` (
  `id` int(11) NOT NULL AUTO_INCREMENT,
  `name` varchar(45) DEFAULT NULL,
  PRIMARY KEY (`id`)
) ENGINE=InnoDB AUTO_INCREMENT=3 DEFAULT CHARSET=utf8;
/*!40101 SET character_set_client = @saved_cs_client */;

--
-- Dumping data for table `category`
--

LOCK TABLES `category` WRITE;
/*!40000 ALTER TABLE `category` DISABLE KEYS */;
INSERT INTO `category` VALUES (1,'A'),(2,'B');
/*!40000 ALTER TABLE `category` ENABLE KEYS */;
UNLOCK TABLES;

--
-- Table structure for table `city`
--

DROP TABLE IF EXISTS `city`;
/*!40101 SET @saved_cs_client     = @@character_set_client */;
/*!40101 SET character_set_client = utf8 */;
CREATE TABLE `city` (
  `id` int(11) NOT NULL AUTO_INCREMENT,
  `name` varchar(45) DEFAULT NULL,
  PRIMARY KEY (`id`)
) ENGINE=InnoDB AUTO_INCREMENT=3 DEFAULT CHARSET=utf8;
/*!40101 SET character_set_client = @saved_cs_client */;

--
-- Dumping data for table `city`
--

LOCK TABLES `city` WRITE;
/*!40000 ALTER TABLE `city` DISABLE KEYS */;
INSERT INTO `city` VALUES (1,'Lima'),(2,'Callao');
/*!40000 ALTER TABLE `city` ENABLE KEYS */;
UNLOCK TABLES;

--
-- Table structure for table `comment`
--

DROP TABLE IF EXISTS `comment`;
/*!40101 SET @saved_cs_client     = @@character_set_client */;
/*!40101 SET character_set_client = utf8 */;
CREATE TABLE `comment` (
  `id` int(11) NOT NULL AUTO_INCREMENT,
  `description` text,
  `stars` int(11) DEFAULT NULL,
  `type` enum('s','c') NOT NULL COMMENT 's = stars\nc = comment',
  `local_id` int(11) DEFAULT NULL,
  PRIMARY KEY (`id`),
  KEY `fk_comment_local1` (`local_id`),
  CONSTRAINT `fk_comment_local1` FOREIGN KEY (`local_id`) REFERENCES `local` (`id`) ON DELETE NO ACTION ON UPDATE NO ACTION
) ENGINE=InnoDB DEFAULT CHARSET=utf8;
/*!40101 SET character_set_client = @saved_cs_client */;

--
-- Dumping data for table `comment`
--

LOCK TABLES `comment` WRITE;
/*!40000 ALTER TABLE `comment` DISABLE KEYS */;
/*!40000 ALTER TABLE `comment` ENABLE KEYS */;
UNLOCK TABLES;

--
-- Table structure for table `district`
--

DROP TABLE IF EXISTS `district`;
/*!40101 SET @saved_cs_client     = @@character_set_client */;
/*!40101 SET character_set_client = utf8 */;
CREATE TABLE `district` (
  `id` int(11) NOT NULL AUTO_INCREMENT,
  `name` varchar(45) DEFAULT NULL,
  `city_id` int(11) NOT NULL,
  PRIMARY KEY (`id`),
  KEY `fk_district_city1` (`city_id`),
  CONSTRAINT `fk_district_city1` FOREIGN KEY (`city_id`) REFERENCES `city` (`id`) ON DELETE NO ACTION ON UPDATE NO ACTION
) ENGINE=InnoDB AUTO_INCREMENT=50 DEFAULT CHARSET=utf8;
/*!40101 SET character_set_client = @saved_cs_client */;

--
-- Dumping data for table `district`
--

LOCK TABLES `district` WRITE;
/*!40000 ALTER TABLE `district` DISABLE KEYS */;
INSERT INTO `district` VALUES (1,'Ancón',1),(2,'Ate',1),(3,'Barranco',1),(4,'Breña',1),(5,'Carabayllo',1),(6,'Chaclacayo',1),(7,'Chorrillos',1),(8,'Cieneguilla',1),(9,'Comas',1),(10,'El Agustino',1),(11,'Independencia',1),(12,'Jesús María',1),(13,'La Molina',1),(14,'La Victoria',1),(15,'Lima',1),(16,'Lince',1),(17,'Los Olivos',1),(18,'Lurigancho',1),(19,'Lurín',1),(20,'Magdalena del Mar',1),(21,'Miraflores',1),(22,'Pachacamac',1),(23,'Pucusana',1),(24,'Pueblo Libre',1),(25,'Puente Piedra',1),(26,'Punta Hermosa',1),(27,'Punta Negra',1),(28,'Rímac',1),(29,'San Bartolo',1),(30,'San Borja',1),(31,'San Isidro',1),(32,'San Juan de Lurigancho',1),(33,'San Juan de Miraflores',1),(34,'San Luis',1),(35,'San Martín de Porres',1),(36,'San Miguel',1),(37,'Santa Anita',1),(38,'Santa María del Mar',1),(39,'San Rosa',1),(40,'Santiago de Surco',1),(41,'Surquillo',1),(42,'Villa El Salvador',1),(43,'Villa María del Triunfo',1),(44,'Callao',2),(45,'Bellavista',2),(46,'Carmen de La Legua-Reynoso',2),(47,'La Perla',2),(48,'La Punta',2),(49,'Ventanilla',2);
/*!40000 ALTER TABLE `district` ENABLE KEYS */;
UNLOCK TABLES;

--
-- Table structure for table `ingredient`
--

DROP TABLE IF EXISTS `ingredient`;
/*!40101 SET @saved_cs_client     = @@character_set_client */;
/*!40101 SET character_set_client = utf8 */;
CREATE TABLE `ingredient` (
  `id` int(11) NOT NULL AUTO_INCREMENT,
  `name` varchar(45) DEFAULT NULL,
  PRIMARY KEY (`id`)
) ENGINE=InnoDB DEFAULT CHARSET=utf8;
/*!40101 SET character_set_client = @saved_cs_client */;

--
-- Dumping data for table `ingredient`
--

LOCK TABLES `ingredient` WRITE;
/*!40000 ALTER TABLE `ingredient` DISABLE KEYS */;
/*!40000 ALTER TABLE `ingredient` ENABLE KEYS */;
UNLOCK TABLES;

--
-- Table structure for table `local`
--

DROP TABLE IF EXISTS `local`;
/*!40101 SET @saved_cs_client     = @@character_set_client */;
/*!40101 SET character_set_client = utf8 */;
CREATE TABLE `local` (
  `id` int(11) NOT NULL AUTO_INCREMENT,
  `restaurant_id` int(11) NOT NULL,
  `district_id` int(11) NOT NULL,
  `address` varchar(150) DEFAULT NULL,
  `lat` varchar(45) DEFAULT NULL,
  `lng` varchar(45) DEFAULT NULL,
  `street` varchar(150) DEFAULT NULL,
  `phone` varchar(45) DEFAULT NULL,
  `mail` varchar(45) DEFAULT NULL,
  `parking` varchar(45) DEFAULT NULL,
  `description` varchar(150) DEFAULT NULL,
  PRIMARY KEY (`id`),
  KEY `fk_local_restaurant` (`restaurant_id`),
  KEY `fk_local_district1` (`district_id`),
  CONSTRAINT `fk_local_restaurant` FOREIGN KEY (`restaurant_id`) REFERENCES `restaurant` (`id`) ON DELETE NO ACTION ON UPDATE NO ACTION,
  CONSTRAINT `fk_local_district1` FOREIGN KEY (`district_id`) REFERENCES `district` (`id`) ON DELETE NO ACTION ON UPDATE NO ACTION
) ENGINE=InnoDB AUTO_INCREMENT=121 DEFAULT CHARSET=utf8;
/*!40101 SET character_set_client = @saved_cs_client */;

--
-- Dumping data for table `local`
--

LOCK TABLES `local` WRITE;
/*!40000 ALTER TABLE `local` DISABLE KEYS */;
INSERT INTO `local` VALUES (1,30,15,'Jesús María','-12','-77','Jesús María','5555555','test@url.com','1','Pizza'),(2,59,15,'Jr. Madre de Dios 133','-12','-77','Jr. Madre de Dios 133','5555555','test@url.com','1','Café y Pastelería'),(3,31,15,'Santa Luzmila','-12','-77','Santa Luzmila','5555555','test@url.com','1','Pollo'),(4,14,15,'Jr. miraflores 244 Magdalena del mar','-12','-77','Jr. miraflores 244 Magdalena del mar','5555555','test@url.com','0','Café y Pastelería'),(5,45,15,'San Borja','-12','-77','San Borja','5555555','test@url.com','0','Sushi'),(6,48,15,'Navarro 164 Higuereta','-12','-77','Navarro 164 Higuereta','5555555','test@url.com','1','Café y Pastelería'),(7,31,15,'Los Olivos','-12','-77','Los Olivos','5555555','test@url.com','0','Pollo'),(8,22,15,'Wong Las gardenias','-12','-77','Wong Las gardenias','5555555','test@url.com','1','Piqueos y catering'),(9,81,15,'Riverra Navarrete 2860','-12','-77','Riverra Navarrete 2860','5555555','test@url.com','0','Café y Pastelería, Saludable, Sándwich'),(10,25,15,'Avenida Caminos del Inca 2495','-12','-77','Avenida Caminos del Inca 2495','5555555','test@url.com','1','Sándwich'),(11,83,15,'Lima','-12','-77','Lima','5555555','test@url.com','0','Postres y Tortas'),(12,31,15,'Tomás Valle','-12','-77','Tomás Valle','5555555','test@url.com','0','Pollo, Tallarines y Pastas'),(13,46,15,'Av. Comandane Espinar # 408 Miraflores','-12','-77','Av. Comandane Espinar # 408 Miraflores','5555555','test@url.com','1','Comida Italiana, Pizza'),(14,31,15,'','-12','-77','','5555555','test@url.com','1','Pollo'),(15,19,15,'Av. Guardia Civil Norte Manzana E Lote 33','-12','-77','Av. Guardia Civil Norte Manzana E Lote 33','5555555','test@url.com','0','Tallarines y Pastas, Pizza'),(16,71,15,'av guardia civil 567','-12','-77','av guardia civil 567','5555555','test@url.com','1','Pollo'),(17,68,15,'Avenida Javier Prado 5393','-12','-77','Avenida Javier Prado 5393','5555555','test@url.com','0','Ensaladas y Comida Saludable, Comida Peruana'),(18,38,15,'Av. Aviación #3107','-12','-77','Av. Aviación #3107','5555555','test@url.com','1','Comida Peruana'),(19,28,15,'Calle Arica 120 Miraflores','-12','-77','Calle Arica 120 Miraflores','5555555','test@url.com','0','Ensaladas y Comida Saludable, Jugos, Sándwich'),(20,64,15,'Los osos 433','-12','-77','Los osos 433','5555555','test@url.com','1','Comida Italiana'),(21,76,15,'San Isidro','-12','-77','San Isidro','5555555','test@url.com','1','Pollo'),(22,31,15,'Av. Angamos Este 700','-12','-77','Av. Angamos Este 700','5555555','test@url.com','0','Pollo'),(23,65,15,'Av. Aviación #4236','-12','-77','Av. Aviación #4236','5555555','test@url.com','1','Carnes y Parrillas'),(24,13,15,'AV. Agustin de la Rosa Toro 1145','-12','-77','AV. Agustin de la Rosa Toro 1145','5555555','test@url.com','0','Comida de Mar, Comida Peruana y Ceviche, Comida Peruana'),(25,73,15,'Barranco','-12','-77','Barranco','5555555','test@url.com','1','Café y Pastelería'),(26,75,15,'La Molina','-12','-77','La Molina','5555555','test@url.com','1','Pizza'),(27,30,15,'Comandante Espinar','-12','-77','Comandante Espinar','5555555','test@url.com','1','Pizza'),(28,7,15,'Av. La Encalada Nº 551','-12','-77','Av. La Encalada Nº 551','5555555','test@url.com','0','Comida Italiana, Pizza'),(29,55,15,'Calle 10 115 urb San Fernando cercado de Lima','-12','-77','Calle 10 115 urb San Fernando cercado de Lima','5555555','test@url.com','1','Café y Pastelería, Comida Peruana y Ceviche, Saludable'),(30,31,15,'La Molina 1135','-12','-77','La Molina 1135','5555555','test@url.com','1','Pollo'),(31,15,15,'Conde de Monclova 265','-12','-77','Conde de Monclova 265','5555555','test@url.com','0','Café y Pastelería, Postres y Tortas'),(32,57,15,'Av. Flora Tristan 619','-12','-77','Av. Flora Tristan 619','5555555','test@url.com','0','Comida Peruana y Ceviche'),(33,44,15,'Av. Aviacion 5161','-12','-77','Av. Aviacion 5161','5555555','test@url.com','1','Café y Pastelería, Sándwich'),(34,42,15,'Jr. Huiracocha 1300','-12','-77','Jr. Huiracocha 1300','5555555','test@url.com','0','Comida Peruana'),(35,31,15,'Huaquillay','-12','-77','Huaquillay','5555555','test@url.com','1','Pollo'),(36,31,15,'Av. General Garzón 1284','-12','-77','Av. General Garzón 1284','5555555','test@url.com','0','Pollo'),(37,75,15,'La Punta','-12','-77','La Punta','5555555','test@url.com','1','Pizza'),(38,84,15,'Av. Raúl Ferrero Rebagliati Nº 1455 Urb.  Sirius','-12','-77','Av. Raúl Ferrero Rebagliati Nº 1455 Urb.  Sirius','5555555','test@url.com','1','Pollo'),(39,21,15,'Av. del Aire 1400','-12','-77','Av. del Aire 1400','5555555','test@url.com','0','Carnes y Parrillas, Pollo'),(40,88,15,'Malecón Costa Sur 9','-12','-77','Malecón Costa Sur 9','5555555','test@url.com','1','Café y Pastelería'),(41,16,15,'Los Sauces 307','-12','-77','Los Sauces 307','5555555','test@url.com','1','Saludable'),(42,27,15,'AV ROSA TORO 1124 SAN BORJA','-12','-77','AV ROSA TORO 1124 SAN BORJA','5555555','test@url.com','0','Carnes y Parrillas, Comida de Mar, Empanadas, Comida Peruana y Ceviche'),(43,78,15,'Jr progreso 45 Barranco','-12','-77','Jr progreso 45 Barranco','5555555','test@url.com','0','Saludable'),(44,38,15,'Av. Villarán #845','-12','-77','Av. Villarán #845','5555555','test@url.com','0','Comida Peruana'),(45,91,15,'Av. Raúl Ferrero No. 110','-12','-77','Av. Raúl Ferrero No. 110','5555555','test@url.com','0','Carnes y Parrillas, Pollo'),(46,61,15,'Calle Amador Merino Reina 374','-12','-77','Calle Amador Merino Reina 374','5555555','test@url.com','1','Ensaladas y Comida Saludable, Comida Peruana y Ceviche, Pollo'),(47,38,15,'Av. Matellini #398','-12','-77','Av. Matellini #398','5555555','test@url.com','0','Comida Peruana'),(48,75,15,'Minka','-12','-77','Minka','5555555','test@url.com','1','Pizza'),(49,72,15,'J.J. Pasos 490 Departamento 402','-12','-77','J.J. Pasos 490 Departamento 402','5555555','test@url.com','1','Café y Pastelería'),(50,62,15,'Flora Tristán 622','-12','-77','Flora Tristán 622','5555555','test@url.com','1','Sushi'),(51,75,15,'Lima','-12','-77','Lima','5555555','test@url.com','1','Pizza'),(52,75,15,'Alameda Sur','-12','-77','Alameda Sur','5555555','test@url.com','0','Pizza'),(53,91,15,'Av. Angamos oeste No. 599','-12','-77','Av. Angamos oeste No. 599','5555555','test@url.com','1','Carnes y Parrillas, Pollo'),(54,76,15,'Av Comandante espinar 240','-12','-77','Av Comandante espinar 240','5555555','test@url.com','1','Pollo'),(55,31,15,'Benavides','-12','-77','Benavides','5555555','test@url.com','1','Pollo'),(56,33,15,'Av. Ariosto Matellini 163 Chorrillos','-12','-77','Av. Ariosto Matellini 163 Chorrillos','5555555','test@url.com','0','Comida Peruana y Ceviche'),(57,6,15,'Solo Domicilio','-12','-77','Solo Domicilio','5555555','test@url.com','1','Café y Pastelería, Saludable, Sándwich'),(58,47,15,'San Miguel','-12','-77','San Miguel','5555555','test@url.com','1','Comida Peruana, Pollo'),(59,36,15,'Mariano Cornejo 2038 – 2042','-12','-77','Mariano Cornejo 2038 – 2042','5555555','test@url.com','0','Comida de Mar, Menú Ejecutivo, Comida Peruana, Comida Peruana y Ceviche, Pollo'),(60,66,15,'Av. Lima Polo 409','-12','-77','Av. Lima Polo 409','5555555','test@url.com','0','Café y Pastelería'),(61,91,15,'Av.Benavides 3988','-12','-77','Av.Benavides 3988','5555555','test@url.com','1','Carnes y Parrillas, Pollo'),(62,11,15,'Av. José Galvez 286','-12','-77','Av. José Galvez 286','5555555','test@url.com','0','Café y Pastelería, Ensaladas y Comida Saludable, Saludable'),(63,90,15,'Lima','-12','-77','Lima','5555555','test@url.com','1','Postres y Tortas'),(64,31,15,'Av. Arequipa cuadra 22','-12','-77','Av. Arequipa cuadra 22','5555555','test@url.com','1','Pollo'),(65,12,15,'Avenida Los Frutales 566','-12','-77','Avenida Los Frutales 566','5555555','test@url.com','0','Comida de Mar'),(66,18,15,'Av. Flora Tristan No. 554','-12','-77','Av. Flora Tristan No. 554','5555555','test@url.com','0','Pollo'),(67,67,15,'Av. 28 de Julio','-12','-77','Av. 28 de Julio','5555555','test@url.com','0','Menú Ejecutivo'),(68,75,15,'Miraflores','-12','-77','Miraflores','5555555','test@url.com','1','Pizza'),(69,58,15,'Av. de las Américas Nro. 501 Urb. Balconcillos','-12','-77','Av. de las Américas Nro. 501 Urb. Balconcillos','5555555','test@url.com','0','Carnes y Parrillas, Comida Peruana, Pollo'),(70,35,15,'Av. Lambramani Nro. 325 Int. 111','-12','-77','Av. Lambramani Nro. 325 Int. 111','5555555','test@url.com','0','Pizza'),(71,43,15,'Flora Tristan 549 La molima','-12','-77','Flora Tristan 549 La molima','5555555','test@url.com','0','Comida Peruana y Ceviche, Comida de Mar'),(72,41,15,'Benavides 49','-12','-77','Benavides 49','5555555','test@url.com','0','Pizza'),(73,79,15,'Av. Cerro Chico 231','-12','-77','Av. Cerro Chico 231','5555555','test@url.com','1','Pollo'),(74,87,15,'Centro Comercial El Trigal','-12','-77','Centro Comercial El Trigal','5555555','test@url.com','1','Ensaladas y Comida Saludable, Jugos, Saludable, Sándwich'),(75,75,15,'Alcanfores','-12','-77','Alcanfores','5555555','test@url.com','0','Pizza'),(76,8,15,'Av Pettit Thours 3843 San Isidro','-12','-77','Av Pettit Thours 3843 San Isidro','5555555','test@url.com','0','Comida de Mar, Saludable'),(77,77,15,'Av. Paseo de la Republica 377','-12','-77','Av. Paseo de la Republica 377','5555555','test@url.com','1','Sándwich'),(78,52,15,'Calle sinchi roca 2385 Lince','-12','-77','Calle sinchi roca 2385 Lince','5555555','test@url.com','0','Licores'),(79,32,15,'Av. 2 de mayo No. 704','-12','-77','Av. 2 de mayo No. 704','5555555','test@url.com','1','Sushi'),(80,31,15,'Domingo Cueto 444 Lince','-12','-77','Domingo Cueto 444 Lince','5555555','test@url.com','0','Pollo'),(81,63,15,'Av. Juan Pezet 1467','-12','-77','Av. Juan Pezet 1467','5555555','test@url.com','0','Comida de Mar'),(82,54,15,'Calle san martin 512 miraflores','-12','-77','Calle san martin 512 miraflores','5555555','test@url.com','1','Sushi'),(83,56,15,'Coronel Portillo 104','-12','-77','Coronel Portillo 104','5555555','test@url.com','1','Piqueos y catering, Comida de Mar'),(84,37,15,'Calle Urgarte 382','-12','-77','Calle Urgarte 382','5555555','test@url.com','1','Menú Ejecutivo, Comida Peruana'),(85,31,15,'Huaylas','-12','-77','Huaylas','5555555','test@url.com','0','Pollo'),(86,5,15,'Calle Pomalca 111','-12','-77','Calle Pomalca 111','5555555','test@url.com','1','Comida Italiana'),(87,69,15,'Jr. Vulcano','-12','-77','Jr. Vulcano','5555555','test@url.com','1','Piqueos y catering'),(88,20,15,'Monte de los Olivos 884 - Surco','-12','-77','Monte de los Olivos 884 - Surco','5555555','test@url.com','1',''),(89,85,15,'Jr. Jose Cossio 292','-12','-77','Jr. Jose Cossio 292','5555555','test@url.com','1','Desayunos, Menú Ejecutivo'),(90,31,15,'Santa Anita','-12','-77','Santa Anita','5555555','test@url.com','1','Pollo'),(91,31,15,'Av República de Panamá 210','-12','-77','Av República de Panamá 210','5555555','test@url.com','1','Pollo'),(92,10,15,'Av. Sucre 798','-12','-77','Av. Sucre 798','5555555','test@url.com','1','Pollo'),(93,31,15,'Callao 2','-12','-77','Callao 2','5555555','test@url.com','1','Pollo'),(94,3,15,'Av. Cuba 1025','-12','-77','Av. Cuba 1025','5555555','test@url.com','0','Comida Italiana, Pizza'),(95,51,15,'CC Larcomar Int. 232','-12','-77','CC Larcomar Int. 232','5555555','test@url.com','0','Chifa'),(96,39,15,'Avenida Flora Tristan 455','-12','-77','Avenida Flora Tristan 455','5555555','test@url.com','0','Comida Italiana, Pizza'),(97,74,15,'Av. Agustin de la Rosa Toro 774','-12','-77','Av. Agustin de la Rosa Toro 774','5555555','test@url.com','1','Comida de Mar, Comida Peruana y Ceviche'),(98,2,15,'General Córdova 1857','-12','-77','General Córdova 1857','5555555','test@url.com','1','Desayunos'),(99,29,15,'PJ. EL PACALLAR NRO. 261 URB. AURORA LIMA - LIMA - MIRAFLORES','-12','-77','PJ. EL PACALLAR NRO. 261 URB. AURORA LIMA - LIMA - MIRAFLORES','5555555','test@url.com','1','Café y Pastelería, Desayunos, Sándwich'),(100,82,15,'Av. Caminos del Inca 3403','-12','-77','Av. Caminos del Inca 3403','5555555','test@url.com','0','Chifa, Carnes y Parrillas'),(101,34,15,'Tottus de San Isidro','-12','-77','Tottus de San Isidro','5555555','test@url.com','0','Desayunos'),(102,50,15,'Av. Aramburu 486','-12','-77','Av. Aramburu 486','5555555','test@url.com','0','Chifa'),(103,40,15,'Av. Constructores 884 La Molina','-12','-77','Av. Constructores 884 La Molina','5555555','test@url.com','0','Comida Italiana, Pizza'),(104,24,15,'Sucursal Miraflores: Av. 2 de Mayo 618','-12','-77','Sucursal Miraflores: Av. 2 de Mayo 618','5555555','test@url.com','0','Chifa'),(105,91,15,'Ricardo Rey Basadre No. 299','-12','-77','Ricardo Rey Basadre No. 299','5555555','test@url.com','1','Carnes y Parrillas, Pollo'),(106,75,15,'Jesús María','-12','-77','Jesús María','5555555','test@url.com','1','Pizza'),(107,80,15,'Preciados N. 133','-12','-77','Preciados N. 133','5555555','test@url.com','1','Comida Italiana, Tallarines y Pastas'),(108,17,15,'Lima','-12','-77','Lima','5555555','test@url.com','0','Sushi'),(109,26,15,'Jirón Colina 108','-12','-77','Jirón Colina 108','5555555','test@url.com','0','Café y Pastelería, Saludable'),(110,75,15,'San Juan de Lurigancho','-12','-77','San Juan de Lurigancho','5555555','test@url.com','1','Pizza'),(111,60,15,'Centro comercial Open Plaza Angamos','-12','-77','Centro comercial Open Plaza Angamos','5555555','test@url.com','1','Desayunos'),(112,4,15,'Av. Javier Prado Este 6538','-12','-77','Av. Javier Prado Este 6538','5555555','test@url.com','0','Licores'),(113,70,15,'Manuel Bonilla 193','-12','-77','Manuel Bonilla 193','5555555','test@url.com','1','Chifa, Sushi'),(114,9,15,'Av. Aviación 2827','-12','-77','Av. Aviación 2827','5555555','test@url.com','0','Pizza'),(115,49,15,'Calle 2 - 128','-12','-77','Calle 2 - 128','5555555','test@url.com','0','Chifa'),(116,86,15,'Urb. Villa Libertad Mz. I Lt. 5 Monterrico','-12','-77','Urb. Villa Libertad Mz. I Lt. 5 Monterrico','5555555','test@url.com','1','Carnes y Parrillas, Sándwich'),(117,53,15,'República de Colombia 146','-12','-77','República de Colombia 146','5555555','test@url.com','0','Comida Italiana, Ensaladas y Comida Saludable, Tallarines y Pastas'),(118,89,15,'Calle Marical Lusuriaga 138','-12','-77','Calle Marical Lusuriaga 138','5555555','test@url.com','0','Ensaladas y Comida Saludable, Menú Ejecutivo'),(119,1,15,'Calle Elías Aguirre Nº 217 - Miraflores','-12','-77','Calle Elías Aguirre Nº 217 - Miraflores','5555555','test@url.com','0','Menú Ejecutivo, Comida Peruana, Saludable'),(120,23,15,'Surco','-12','-77','Surco','5555555','test@url.com','0','Menú Ejecutivo');
/*!40000 ALTER TABLE `local` ENABLE KEYS */;
UNLOCK TABLES;

--
-- Table structure for table `local_category`
--

DROP TABLE IF EXISTS `local_category`;
/*!40101 SET @saved_cs_client     = @@character_set_client */;
/*!40101 SET character_set_client = utf8 */;
CREATE TABLE `local_category` (
  `id` int(11) NOT NULL AUTO_INCREMENT,
  `name` varchar(45) DEFAULT NULL,
  `local_id` int(11) NOT NULL,
  `category_id` int(11) NOT NULL,
  PRIMARY KEY (`id`),
  KEY `fk_local_category_local1` (`local_id`),
  KEY `fk_local_category_category1` (`category_id`),
  CONSTRAINT `fk_local_category_category1` FOREIGN KEY (`category_id`) REFERENCES `category` (`id`) ON DELETE NO ACTION ON UPDATE NO ACTION,
  CONSTRAINT `fk_local_category_local1` FOREIGN KEY (`local_id`) REFERENCES `local` (`id`) ON DELETE NO ACTION ON UPDATE NO ACTION
) ENGINE=InnoDB AUTO_INCREMENT=721 DEFAULT CHARSET=utf8;
/*!40101 SET character_set_client = @saved_cs_client */;

--
-- Dumping data for table `local_category`
--

LOCK TABLES `local_category` WRITE;
/*!40000 ALTER TABLE `local_category` DISABLE KEYS */;
INSERT INTO `local_category` VALUES (1,'119_A_1',119,1),(2,'119_B_1',119,2),(3,'119_A_2',119,1),(4,'119_B_2',119,2),(5,'119_A_3',119,1),(6,'119_B_3',119,2),(7,'98_A_1',98,1),(8,'98_B_1',98,2),(9,'98_A_2',98,1),(10,'98_B_2',98,2),(11,'98_A_3',98,1),(12,'98_B_3',98,2),(13,'94_A_1',94,1),(14,'94_B_1',94,2),(15,'94_A_2',94,1),(16,'94_B_2',94,2),(17,'94_A_3',94,1),(18,'94_B_3',94,2),(19,'112_A_1',112,1),(20,'112_B_1',112,2),(21,'112_A_2',112,1),(22,'112_B_2',112,2),(23,'112_A_3',112,1),(24,'112_B_3',112,2),(25,'86_A_1',86,1),(26,'86_B_1',86,2),(27,'86_A_2',86,1),(28,'86_B_2',86,2),(29,'86_A_3',86,1),(30,'86_B_3',86,2),(31,'57_A_1',57,1),(32,'57_B_1',57,2),(33,'57_A_2',57,1),(34,'57_B_2',57,2),(35,'57_A_3',57,1),(36,'57_B_3',57,2),(37,'28_A_1',28,1),(38,'28_B_1',28,2),(39,'28_A_2',28,1),(40,'28_B_2',28,2),(41,'28_A_3',28,1),(42,'28_B_3',28,2),(43,'76_A_1',76,1),(44,'76_B_1',76,2),(45,'76_A_2',76,1),(46,'76_B_2',76,2),(47,'76_A_3',76,1),(48,'76_B_3',76,2),(49,'114_A_1',114,1),(50,'114_B_1',114,2),(51,'114_A_2',114,1),(52,'114_B_2',114,2),(53,'114_A_3',114,1),(54,'114_B_3',114,2),(55,'92_A_1',92,1),(56,'92_B_1',92,2),(57,'92_A_2',92,1),(58,'92_B_2',92,2),(59,'92_A_3',92,1),(60,'92_B_3',92,2),(61,'62_A_1',62,1),(62,'62_B_1',62,2),(63,'62_A_2',62,1),(64,'62_B_2',62,2),(65,'62_A_3',62,1),(66,'62_B_3',62,2),(67,'65_A_1',65,1),(68,'65_B_1',65,2),(69,'65_A_2',65,1),(70,'65_B_2',65,2),(71,'65_A_3',65,1),(72,'65_B_3',65,2),(73,'24_A_1',24,1),(74,'24_B_1',24,2),(75,'24_A_2',24,1),(76,'24_B_2',24,2),(77,'24_A_3',24,1),(78,'24_B_3',24,2),(79,'4_A_1',4,1),(80,'4_B_1',4,2),(81,'4_A_2',4,1),(82,'4_B_2',4,2),(83,'4_A_3',4,1),(84,'4_B_3',4,2),(85,'31_A_1',31,1),(86,'31_B_1',31,2),(87,'31_A_2',31,1),(88,'31_B_2',31,2),(89,'31_A_3',31,1),(90,'31_B_3',31,2),(91,'41_A_1',41,1),(92,'41_B_1',41,2),(93,'41_A_2',41,1),(94,'41_B_2',41,2),(95,'41_A_3',41,1),(96,'41_B_3',41,2),(97,'108_A_1',108,1),(98,'108_B_1',108,2),(99,'108_A_2',108,1),(100,'108_B_2',108,2),(101,'108_A_3',108,1),(102,'108_B_3',108,2),(103,'66_A_1',66,1),(104,'66_B_1',66,2),(105,'66_A_2',66,1),(106,'66_B_2',66,2),(107,'66_A_3',66,1),(108,'66_B_3',66,2),(109,'15_A_1',15,1),(110,'15_B_1',15,2),(111,'15_A_2',15,1),(112,'15_B_2',15,2),(113,'15_A_3',15,1),(114,'15_B_3',15,2),(115,'88_A_1',88,1),(116,'88_B_1',88,2),(117,'88_A_2',88,1),(118,'88_B_2',88,2),(119,'88_A_3',88,1),(120,'88_B_3',88,2),(121,'39_A_1',39,1),(122,'39_B_1',39,2),(123,'39_A_2',39,1),(124,'39_B_2',39,2),(125,'39_A_3',39,1),(126,'39_B_3',39,2),(127,'8_A_1',8,1),(128,'8_B_1',8,2),(129,'8_A_2',8,1),(130,'8_B_2',8,2),(131,'8_A_3',8,1),(132,'8_B_3',8,2),(133,'120_A_1',120,1),(134,'120_B_1',120,2),(135,'120_A_2',120,1),(136,'120_B_2',120,2),(137,'120_A_3',120,1),(138,'120_B_3',120,2),(139,'104_A_1',104,1),(140,'104_B_1',104,2),(141,'104_A_2',104,1),(142,'104_B_2',104,2),(143,'104_A_3',104,1),(144,'104_B_3',104,2),(145,'10_A_1',10,1),(146,'10_B_1',10,2),(147,'10_A_2',10,1),(148,'10_B_2',10,2),(149,'10_A_3',10,1),(150,'10_B_3',10,2),(151,'109_A_1',109,1),(152,'109_B_1',109,2),(153,'109_A_2',109,1),(154,'109_B_2',109,2),(155,'109_A_3',109,1),(156,'109_B_3',109,2),(157,'42_A_1',42,1),(158,'42_B_1',42,2),(159,'42_A_2',42,1),(160,'42_B_2',42,2),(161,'42_A_3',42,1),(162,'42_B_3',42,2),(163,'19_A_1',19,1),(164,'19_B_1',19,2),(165,'19_A_2',19,1),(166,'19_B_2',19,2),(167,'19_A_3',19,1),(168,'19_B_3',19,2),(169,'99_A_1',99,1),(170,'99_B_1',99,2),(171,'99_A_2',99,1),(172,'99_B_2',99,2),(173,'99_A_3',99,1),(174,'99_B_3',99,2),(175,'1_A_1',1,1),(176,'1_B_1',1,2),(177,'1_A_2',1,1),(178,'1_B_2',1,2),(179,'1_A_3',1,1),(180,'1_B_3',1,2),(181,'27_A_1',27,1),(182,'27_B_1',27,2),(183,'27_A_2',27,1),(184,'27_B_2',27,2),(185,'27_A_3',27,1),(186,'27_B_3',27,2),(187,'3_A_1',3,1),(188,'3_B_1',3,2),(189,'3_A_2',3,1),(190,'3_B_2',3,2),(191,'3_A_3',3,1),(192,'3_B_3',3,2),(193,'7_A_1',7,1),(194,'7_B_1',7,2),(195,'7_A_2',7,1),(196,'7_B_2',7,2),(197,'7_A_3',7,1),(198,'7_B_3',7,2),(199,'12_A_1',12,1),(200,'12_B_1',12,2),(201,'12_A_2',12,1),(202,'12_B_2',12,2),(203,'12_A_3',12,1),(204,'12_B_3',12,2),(205,'14_A_1',14,1),(206,'14_B_1',14,2),(207,'14_A_2',14,1),(208,'14_B_2',14,2),(209,'14_A_3',14,1),(210,'14_B_3',14,2),(211,'22_A_1',22,1),(212,'22_B_1',22,2),(213,'22_A_2',22,1),(214,'22_B_2',22,2),(215,'22_A_3',22,1),(216,'22_B_3',22,2),(217,'30_A_1',30,1),(218,'30_B_1',30,2),(219,'30_A_2',30,1),(220,'30_B_2',30,2),(221,'30_A_3',30,1),(222,'30_B_3',30,2),(223,'35_A_1',35,1),(224,'35_B_1',35,2),(225,'35_A_2',35,1),(226,'35_B_2',35,2),(227,'35_A_3',35,1),(228,'35_B_3',35,2),(229,'36_A_1',36,1),(230,'36_B_1',36,2),(231,'36_A_2',36,1),(232,'36_B_2',36,2),(233,'36_A_3',36,1),(234,'36_B_3',36,2),(235,'55_A_1',55,1),(236,'55_B_1',55,2),(237,'55_A_2',55,1),(238,'55_B_2',55,2),(239,'55_A_3',55,1),(240,'55_B_3',55,2),(241,'64_A_1',64,1),(242,'64_B_1',64,2),(243,'64_A_2',64,1),(244,'64_B_2',64,2),(245,'64_A_3',64,1),(246,'64_B_3',64,2),(247,'80_A_1',80,1),(248,'80_B_1',80,2),(249,'80_A_2',80,1),(250,'80_B_2',80,2),(251,'80_A_3',80,1),(252,'80_B_3',80,2),(253,'85_A_1',85,1),(254,'85_B_1',85,2),(255,'85_A_2',85,1),(256,'85_B_2',85,2),(257,'85_A_3',85,1),(258,'85_B_3',85,2),(259,'90_A_1',90,1),(260,'90_B_1',90,2),(261,'90_A_2',90,1),(262,'90_B_2',90,2),(263,'90_A_3',90,1),(264,'90_B_3',90,2),(265,'91_A_1',91,1),(266,'91_B_1',91,2),(267,'91_A_2',91,1),(268,'91_B_2',91,2),(269,'91_A_3',91,1),(270,'91_B_3',91,2),(271,'93_A_1',93,1),(272,'93_B_1',93,2),(273,'93_A_2',93,1),(274,'93_B_2',93,2),(275,'93_A_3',93,1),(276,'93_B_3',93,2),(277,'79_A_1',79,1),(278,'79_B_1',79,2),(279,'79_A_2',79,1),(280,'79_B_2',79,2),(281,'79_A_3',79,1),(282,'79_B_3',79,2),(283,'56_A_1',56,1),(284,'56_B_1',56,2),(285,'56_A_2',56,1),(286,'56_B_2',56,2),(287,'56_A_3',56,1),(288,'56_B_3',56,2),(289,'101_A_1',101,1),(290,'101_B_1',101,2),(291,'101_A_2',101,1),(292,'101_B_2',101,2),(293,'101_A_3',101,1),(294,'101_B_3',101,2),(295,'70_A_1',70,1),(296,'70_B_1',70,2),(297,'70_A_2',70,1),(298,'70_B_2',70,2),(299,'70_A_3',70,1),(300,'70_B_3',70,2),(301,'59_A_1',59,1),(302,'59_B_1',59,2),(303,'59_A_2',59,1),(304,'59_B_2',59,2),(305,'59_A_3',59,1),(306,'59_B_3',59,2),(307,'84_A_1',84,1),(308,'84_B_1',84,2),(309,'84_A_2',84,1),(310,'84_B_2',84,2),(311,'84_A_3',84,1),(312,'84_B_3',84,2),(313,'18_A_1',18,1),(314,'18_B_1',18,2),(315,'18_A_2',18,1),(316,'18_B_2',18,2),(317,'18_A_3',18,1),(318,'18_B_3',18,2),(319,'44_A_1',44,1),(320,'44_B_1',44,2),(321,'44_A_2',44,1),(322,'44_B_2',44,2),(323,'44_A_3',44,1),(324,'44_B_3',44,2),(325,'47_A_1',47,1),(326,'47_B_1',47,2),(327,'47_A_2',47,1),(328,'47_B_2',47,2),(329,'47_A_3',47,1),(330,'47_B_3',47,2),(331,'96_A_1',96,1),(332,'96_B_1',96,2),(333,'96_A_2',96,1),(334,'96_B_2',96,2),(335,'96_A_3',96,1),(336,'96_B_3',96,2),(337,'103_A_1',103,1),(338,'103_B_1',103,2),(339,'103_A_2',103,1),(340,'103_B_2',103,2),(341,'103_A_3',103,1),(342,'103_B_3',103,2),(343,'72_A_1',72,1),(344,'72_B_1',72,2),(345,'72_A_2',72,1),(346,'72_B_2',72,2),(347,'72_A_3',72,1),(348,'72_B_3',72,2),(349,'34_A_1',34,1),(350,'34_B_1',34,2),(351,'34_A_2',34,1),(352,'34_B_2',34,2),(353,'34_A_3',34,1),(354,'34_B_3',34,2),(355,'71_A_1',71,1),(356,'71_B_1',71,2),(357,'71_A_2',71,1),(358,'71_B_2',71,2),(359,'71_A_3',71,1),(360,'71_B_3',71,2),(361,'33_A_1',33,1),(362,'33_B_1',33,2),(363,'33_A_2',33,1),(364,'33_B_2',33,2),(365,'33_A_3',33,1),(366,'33_B_3',33,2),(367,'5_A_1',5,1),(368,'5_B_1',5,2),(369,'5_A_2',5,1),(370,'5_B_2',5,2),(371,'5_A_3',5,1),(372,'5_B_3',5,2),(373,'13_A_1',13,1),(374,'13_B_1',13,2),(375,'13_A_2',13,1),(376,'13_B_2',13,2),(377,'13_A_3',13,1),(378,'13_B_3',13,2),(379,'58_A_1',58,1),(380,'58_B_1',58,2),(381,'58_A_2',58,1),(382,'58_B_2',58,2),(383,'58_A_3',58,1),(384,'58_B_3',58,2),(385,'6_A_1',6,1),(386,'6_B_1',6,2),(387,'6_A_2',6,1),(388,'6_B_2',6,2),(389,'6_A_3',6,1),(390,'6_B_3',6,2),(391,'115_A_1',115,1),(392,'115_B_1',115,2),(393,'115_A_2',115,1),(394,'115_B_2',115,2),(395,'115_A_3',115,1),(396,'115_B_3',115,2),(397,'102_A_1',102,1),(398,'102_B_1',102,2),(399,'102_A_2',102,1),(400,'102_B_2',102,2),(401,'102_A_3',102,1),(402,'102_B_3',102,2),(403,'95_A_1',95,1),(404,'95_B_1',95,2),(405,'95_A_2',95,1),(406,'95_B_2',95,2),(407,'95_A_3',95,1),(408,'95_B_3',95,2),(409,'78_A_1',78,1),(410,'78_B_1',78,2),(411,'78_A_2',78,1),(412,'78_B_2',78,2),(413,'78_A_3',78,1),(414,'78_B_3',78,2),(415,'117_A_1',117,1),(416,'117_B_1',117,2),(417,'117_A_2',117,1),(418,'117_B_2',117,2),(419,'117_A_3',117,1),(420,'117_B_3',117,2),(421,'82_A_1',82,1),(422,'82_B_1',82,2),(423,'82_A_2',82,1),(424,'82_B_2',82,2),(425,'82_A_3',82,1),(426,'82_B_3',82,2),(427,'29_A_1',29,1),(428,'29_B_1',29,2),(429,'29_A_2',29,1),(430,'29_B_2',29,2),(431,'29_A_3',29,1),(432,'29_B_3',29,2),(433,'83_A_1',83,1),(434,'83_B_1',83,2),(435,'83_A_2',83,1),(436,'83_B_2',83,2),(437,'83_A_3',83,1),(438,'83_B_3',83,2),(439,'32_A_1',32,1),(440,'32_B_1',32,2),(441,'32_A_2',32,1),(442,'32_B_2',32,2),(443,'32_A_3',32,1),(444,'32_B_3',32,2),(445,'69_A_1',69,1),(446,'69_B_1',69,2),(447,'69_A_2',69,1),(448,'69_B_2',69,2),(449,'69_A_3',69,1),(450,'69_B_3',69,2),(451,'2_A_1',2,1),(452,'2_B_1',2,2),(453,'2_A_2',2,1),(454,'2_B_2',2,2),(455,'2_A_3',2,1),(456,'2_B_3',2,2),(457,'111_A_1',111,1),(458,'111_B_1',111,2),(459,'111_A_2',111,1),(460,'111_B_2',111,2),(461,'111_A_3',111,1),(462,'111_B_3',111,2),(463,'46_A_1',46,1),(464,'46_B_1',46,2),(465,'46_A_2',46,1),(466,'46_B_2',46,2),(467,'46_A_3',46,1),(468,'46_B_3',46,2),(469,'50_A_1',50,1),(470,'50_B_1',50,2),(471,'50_A_2',50,1),(472,'50_B_2',50,2),(473,'50_A_3',50,1),(474,'50_B_3',50,2),(475,'81_A_1',81,1),(476,'81_B_1',81,2),(477,'81_A_2',81,1),(478,'81_B_2',81,2),(479,'81_A_3',81,1),(480,'81_B_3',81,2),(481,'20_A_1',20,1),(482,'20_B_1',20,2),(483,'20_A_2',20,1),(484,'20_B_2',20,2),(485,'20_A_3',20,1),(486,'20_B_3',20,2),(487,'23_A_1',23,1),(488,'23_B_1',23,2),(489,'23_A_2',23,1),(490,'23_B_2',23,2),(491,'23_A_3',23,1),(492,'23_B_3',23,2),(493,'60_A_1',60,1),(494,'60_B_1',60,2),(495,'60_A_2',60,1),(496,'60_B_2',60,2),(497,'60_A_3',60,1),(498,'60_B_3',60,2),(499,'67_A_1',67,1),(500,'67_B_1',67,2),(501,'67_A_2',67,1),(502,'67_B_2',67,2),(503,'67_A_3',67,1),(504,'67_B_3',67,2),(505,'17_A_1',17,1),(506,'17_B_1',17,2),(507,'17_A_2',17,1),(508,'17_B_2',17,2),(509,'17_A_3',17,1),(510,'17_B_3',17,2),(511,'87_A_1',87,1),(512,'87_B_1',87,2),(513,'87_A_2',87,1),(514,'87_B_2',87,2),(515,'87_A_3',87,1),(516,'87_B_3',87,2),(517,'113_A_1',113,1),(518,'113_B_1',113,2),(519,'113_A_2',113,1),(520,'113_B_2',113,2),(521,'113_A_3',113,1),(522,'113_B_3',113,2),(523,'16_A_1',16,1),(524,'16_B_1',16,2),(525,'16_A_2',16,1),(526,'16_B_2',16,2),(527,'16_A_3',16,1),(528,'16_B_3',16,2),(529,'49_A_1',49,1),(530,'49_B_1',49,2),(531,'49_A_2',49,1),(532,'49_B_2',49,2),(533,'49_A_3',49,1),(534,'49_B_3',49,2),(535,'25_A_1',25,1),(536,'25_B_1',25,2),(537,'25_A_2',25,1),(538,'25_B_2',25,2),(539,'25_A_3',25,1),(540,'25_B_3',25,2),(541,'97_A_1',97,1),(542,'97_B_1',97,2),(543,'97_A_2',97,1),(544,'97_B_2',97,2),(545,'97_A_3',97,1),(546,'97_B_3',97,2),(547,'26_A_1',26,1),(548,'26_B_1',26,2),(549,'26_A_2',26,1),(550,'26_B_2',26,2),(551,'26_A_3',26,1),(552,'26_B_3',26,2),(553,'37_A_1',37,1),(554,'37_B_1',37,2),(555,'37_A_2',37,1),(556,'37_B_2',37,2),(557,'37_A_3',37,1),(558,'37_B_3',37,2),(559,'48_A_1',48,1),(560,'48_B_1',48,2),(561,'48_A_2',48,1),(562,'48_B_2',48,2),(563,'48_A_3',48,1),(564,'48_B_3',48,2),(565,'51_A_1',51,1),(566,'51_B_1',51,2),(567,'51_A_2',51,1),(568,'51_B_2',51,2),(569,'51_A_3',51,1),(570,'51_B_3',51,2),(571,'52_A_1',52,1),(572,'52_B_1',52,2),(573,'52_A_2',52,1),(574,'52_B_2',52,2),(575,'52_A_3',52,1),(576,'52_B_3',52,2),(577,'68_A_1',68,1),(578,'68_B_1',68,2),(579,'68_A_2',68,1),(580,'68_B_2',68,2),(581,'68_A_3',68,1),(582,'68_B_3',68,2),(583,'75_A_1',75,1),(584,'75_B_1',75,2),(585,'75_A_2',75,1),(586,'75_B_2',75,2),(587,'75_A_3',75,1),(588,'75_B_3',75,2),(589,'106_A_1',106,1),(590,'106_B_1',106,2),(591,'106_A_2',106,1),(592,'106_B_2',106,2),(593,'106_A_3',106,1),(594,'106_B_3',106,2),(595,'110_A_1',110,1),(596,'110_B_1',110,2),(597,'110_A_2',110,1),(598,'110_B_2',110,2),(599,'110_A_3',110,1),(600,'110_B_3',110,2),(601,'21_A_1',21,1),(602,'21_B_1',21,2),(603,'21_A_2',21,1),(604,'21_B_2',21,2),(605,'21_A_3',21,1),(606,'21_B_3',21,2),(607,'54_A_1',54,1),(608,'54_B_1',54,2),(609,'54_A_2',54,1),(610,'54_B_2',54,2),(611,'54_A_3',54,1),(612,'54_B_3',54,2),(613,'77_A_1',77,1),(614,'77_B_1',77,2),(615,'77_A_2',77,1),(616,'77_B_2',77,2),(617,'77_A_3',77,1),(618,'77_B_3',77,2),(619,'43_A_1',43,1),(620,'43_B_1',43,2),(621,'43_A_2',43,1),(622,'43_B_2',43,2),(623,'43_A_3',43,1),(624,'43_B_3',43,2),(625,'73_A_1',73,1),(626,'73_B_1',73,2),(627,'73_A_2',73,1),(628,'73_B_2',73,2),(629,'73_A_3',73,1),(630,'73_B_3',73,2),(631,'107_A_1',107,1),(632,'107_B_1',107,2),(633,'107_A_2',107,1),(634,'107_B_2',107,2),(635,'107_A_3',107,1),(636,'107_B_3',107,2),(637,'9_A_1',9,1),(638,'9_B_1',9,2),(639,'9_A_2',9,1),(640,'9_B_2',9,2),(641,'9_A_3',9,1),(642,'9_B_3',9,2),(643,'100_A_1',100,1),(644,'100_B_1',100,2),(645,'100_A_2',100,1),(646,'100_B_2',100,2),(647,'100_A_3',100,1),(648,'100_B_3',100,2),(649,'11_A_1',11,1),(650,'11_B_1',11,2),(651,'11_A_2',11,1),(652,'11_B_2',11,2),(653,'11_A_3',11,1),(654,'11_B_3',11,2),(655,'38_A_1',38,1),(656,'38_B_1',38,2),(657,'38_A_2',38,1),(658,'38_B_2',38,2),(659,'38_A_3',38,1),(660,'38_B_3',38,2),(661,'89_A_1',89,1),(662,'89_B_1',89,2),(663,'89_A_2',89,1),(664,'89_B_2',89,2),(665,'89_A_3',89,1),(666,'89_B_3',89,2),(667,'116_A_1',116,1),(668,'116_B_1',116,2),(669,'116_A_2',116,1),(670,'116_B_2',116,2),(671,'116_A_3',116,1),(672,'116_B_3',116,2),(673,'74_A_1',74,1),(674,'74_B_1',74,2),(675,'74_A_2',74,1),(676,'74_B_2',74,2),(677,'74_A_3',74,1),(678,'74_B_3',74,2),(679,'40_A_1',40,1),(680,'40_B_1',40,2),(681,'40_A_2',40,1),(682,'40_B_2',40,2),(683,'40_A_3',40,1),(684,'40_B_3',40,2),(685,'118_A_1',118,1),(686,'118_B_1',118,2),(687,'118_A_2',118,1),(688,'118_B_2',118,2),(689,'118_A_3',118,1),(690,'118_B_3',118,2),(691,'63_A_1',63,1),(692,'63_B_1',63,2),(693,'63_A_2',63,1),(694,'63_B_2',63,2),(695,'63_A_3',63,1),(696,'63_B_3',63,2),(697,'45_A_1',45,1),(698,'45_B_1',45,2),(699,'45_A_2',45,1),(700,'45_B_2',45,2),(701,'45_A_3',45,1),(702,'45_B_3',45,2),(703,'53_A_1',53,1),(704,'53_B_1',53,2),(705,'53_A_2',53,1),(706,'53_B_2',53,2),(707,'53_A_3',53,1),(708,'53_B_3',53,2),(709,'61_A_1',61,1),(710,'61_B_1',61,2),(711,'61_A_2',61,1),(712,'61_B_2',61,2),(713,'61_A_3',61,1),(714,'61_B_3',61,2),(715,'105_A_1',105,1),(716,'105_B_1',105,2),(717,'105_A_2',105,1),(718,'105_B_2',105,2),(719,'105_A_3',105,1),(720,'105_B_3',105,2);
/*!40000 ALTER TABLE `local_category` ENABLE KEYS */;
UNLOCK TABLES;

--
-- Table structure for table `local_has_product`
--

DROP TABLE IF EXISTS `local_has_product`;
/*!40101 SET @saved_cs_client     = @@character_set_client */;
/*!40101 SET character_set_client = utf8 */;
CREATE TABLE `local_has_product` (
  `id` int(11) NOT NULL AUTO_INCREMENT,
  `product_id` int(11) NOT NULL,
  `local_id` int(11) NOT NULL,
  `local_category_id` int(11) NOT NULL,
  `price` float NOT NULL,
  PRIMARY KEY (`id`),
  KEY `fk_product_has_local_local1` (`local_id`),
  KEY `fk_local_has_product_local_category1` (`local_category_id`),
  KEY `fk_product_has_local_product1` (`product_id`),
  CONSTRAINT `fk_product_has_local_product1` FOREIGN KEY (`product_id`) REFERENCES `product` (`id`) ON DELETE NO ACTION ON UPDATE NO ACTION,
  CONSTRAINT `fk_product_has_local_local1` FOREIGN KEY (`local_id`) REFERENCES `local` (`id`) ON DELETE NO ACTION ON UPDATE NO ACTION,
  CONSTRAINT `fk_local_has_product_local_category1` FOREIGN KEY (`local_category_id`) REFERENCES `local_category` (`id`) ON DELETE NO ACTION ON UPDATE NO ACTION
) ENGINE=InnoDB AUTO_INCREMENT=4786 DEFAULT CHARSET=utf8;
/*!40101 SET character_set_client = @saved_cs_client */;

--
-- Dumping data for table `local_has_product`
--

LOCK TABLES `local_has_product` WRITE;
/*!40000 ALTER TABLE `local_has_product` DISABLE KEYS */;
INSERT INTO `local_has_product` VALUES (1,2212,46,463,0),(2,1933,46,464,0),(3,2172,46,463,0),(4,2870,46,465,0),(5,2669,46,465,0),(6,3718,46,463,0),(7,3339,46,468,0),(8,2471,46,468,0),(9,1548,46,468,0),(10,1958,46,467,0),(11,2806,46,463,0),(12,877,46,463,0),(13,174,46,466,0),(14,1310,46,467,0),(15,409,46,463,0),(16,491,46,463,0),(17,726,46,466,0),(18,332,46,467,0),(19,1427,46,464,0),(20,1790,46,463,0),(21,3479,46,463,0),(22,611,46,466,0),(23,2779,46,463,0),(24,846,46,464,0),(25,1264,46,464,0),(26,1255,46,467,0),(27,1822,46,465,0),(28,924,46,464,0),(29,2845,46,468,0),(30,641,46,463,0),(31,11,46,465,0),(32,1254,46,464,0),(33,1163,46,464,0),(34,1269,46,463,0),(35,1615,46,467,0),(36,1470,46,463,0),(37,3235,46,464,0),(38,141,46,468,0),(39,1416,46,468,0),(40,159,46,468,0),(41,2724,46,467,0),(42,3629,46,468,0),(43,785,46,466,0),(44,369,46,465,0),(45,1043,46,463,0),(46,976,46,466,0),(47,863,46,466,0),(48,962,46,466,0),(49,2945,46,464,0),(50,355,46,465,0),(51,752,46,464,0),(52,25,46,465,0),(53,1545,46,465,0),(54,606,46,465,0),(55,523,46,467,0),(56,3306,46,464,0),(57,113,46,466,0),(58,1303,46,468,0),(59,266,46,464,0),(60,2006,46,464,0),(61,1066,46,465,0),(62,2883,46,463,0),(63,399,46,467,0),(64,2658,46,463,0),(65,3674,46,464,0),(66,1974,46,468,0),(67,1612,46,465,0),(68,431,46,465,0),(69,206,46,463,0),(70,1294,46,466,0),(71,1721,46,466,0),(72,182,46,466,0),(73,382,45,701,0),(74,1979,45,700,0),(75,2029,45,699,0),(76,1287,45,698,0),(77,234,45,701,0),(78,430,45,702,0),(79,2975,45,698,0),(80,6,45,702,0),(81,276,45,697,0),(82,1031,45,701,0),(83,1792,45,701,0),(84,810,45,700,0),(85,238,45,700,0),(86,3073,45,697,0),(87,3496,45,701,0),(88,228,45,702,0),(89,3052,45,698,0),(90,72,45,702,0),(91,143,45,698,0),(92,1063,45,698,0),(93,662,45,702,0),(94,895,45,699,0),(95,2199,45,700,0),(96,2,45,702,0),(97,2171,45,698,0),(98,428,45,698,0),(99,1627,45,701,0),(100,1639,45,700,0),(101,2525,45,699,0),(102,474,45,702,0),(103,548,45,697,0),(104,120,45,698,0),(105,1535,45,702,0),(106,155,45,699,0),(107,1654,45,700,0),(108,1422,45,701,0),(109,85,45,701,0),(110,695,45,701,0),(111,3069,45,702,0),(112,2885,45,698,0),(113,1115,45,700,0),(114,527,45,700,0),(115,623,45,700,0),(116,1030,45,701,0),(117,1168,51,565,0),(118,1118,51,568,0),(119,1203,51,569,0),(120,1879,51,570,0),(121,2129,51,566,0),(122,2328,51,565,0),(123,69,51,565,0),(124,437,51,569,0),(125,998,51,566,0),(126,128,51,566,0),(127,686,51,570,0),(128,2221,51,566,0),(129,2145,51,567,0),(130,851,51,566,0),(131,350,51,569,0),(132,565,51,568,0),(133,654,51,566,0),(134,1370,51,567,0),(135,628,51,568,0),(136,1944,51,568,0),(137,1253,51,567,0),(138,1198,51,567,0),(139,339,51,568,0),(140,677,51,570,0),(141,1054,51,568,0),(142,1051,51,570,0),(143,100,51,568,0),(144,2950,51,566,0),(145,2880,51,565,0),(146,1975,51,566,0),(147,2572,51,569,0),(148,131,51,566,0),(149,2438,51,569,0),(150,1066,51,565,0),(151,2883,51,567,0),(152,266,51,569,0),(153,32,51,570,0),(154,525,20,484,0),(155,1215,20,484,0),(156,2916,20,481,0),(157,496,20,485,0),(158,3045,20,483,0),(159,3143,120,138,0),(160,3016,120,137,0),(161,67,120,133,0),(162,1313,120,134,0),(163,3240,120,133,0),(164,2490,120,135,0),(165,649,120,133,0),(166,2887,120,136,0),(167,2906,120,133,0),(168,1438,120,133,0),(169,1442,120,137,0),(170,2397,120,134,0),(171,1344,51,568,0),(172,1441,109,151,0),(173,3417,109,153,0),(174,1882,109,151,0),(175,2714,109,151,0),(176,1224,109,156,0),(177,3099,109,156,0),(178,2386,109,152,0),(179,1018,109,154,0),(180,1847,109,155,0),(181,1865,109,155,0),(182,1195,109,151,0),(183,1844,109,155,0),(184,319,109,154,0),(185,244,109,151,0),(186,1863,109,151,0),(187,3370,84,310,0),(188,2200,84,308,0),(189,1769,84,308,0),(190,3208,84,310,0),(191,491,84,307,0),(192,2415,84,309,0),(193,455,84,308,0),(194,1852,84,309,0),(195,2137,84,307,0),(196,3070,84,308,0),(197,492,84,311,0),(198,1125,84,308,0),(199,669,84,312,0),(200,390,84,307,0),(201,1806,84,312,0),(202,1551,84,312,0),(203,3361,84,308,0),(204,1043,84,311,0),(205,1310,84,308,0),(206,3695,84,310,0),(207,71,84,311,0),(208,2263,84,310,0),(209,2382,84,309,0),(210,928,84,308,0),(211,2724,84,309,0),(212,2963,84,311,0),(213,2667,43,623,0),(214,3352,43,619,0),(215,3355,43,620,0),(216,1654,81,478,0),(217,1336,81,477,0),(218,1186,81,477,0),(219,320,81,477,0),(220,2290,81,478,0),(221,924,81,480,0),(222,2002,81,475,0),(223,724,81,475,0),(224,3625,81,475,0),(225,640,81,477,0),(226,2603,81,477,0),(227,2382,81,477,0),(228,821,81,475,0),(229,2696,81,478,0),(230,2422,81,480,0),(231,3597,81,479,0),(232,550,81,480,0),(233,501,81,478,0),(234,1356,81,480,0),(235,630,81,479,0),(236,2504,81,480,0),(237,272,81,476,0),(238,1577,81,478,0),(239,3700,81,475,0),(240,1167,81,479,0),(241,433,81,477,0),(242,227,81,475,0),(243,1425,81,476,0),(244,592,81,478,0),(245,520,81,479,0),(246,422,81,475,0),(247,1043,81,475,0),(248,3349,81,477,0),(249,1821,81,478,0),(250,2716,81,479,0),(251,2219,81,475,0),(252,3089,81,480,0),(253,507,81,475,0),(254,167,81,478,0),(255,2555,81,476,0),(256,75,81,475,0),(257,2285,81,480,0),(258,3421,81,476,0),(259,1383,81,480,0),(260,2878,81,480,0),(261,55,81,478,0),(262,80,81,479,0),(263,2526,81,477,0),(264,1632,81,477,0),(265,532,81,475,0),(266,953,81,480,0),(267,1242,81,477,0),(268,1275,81,476,0),(269,73,102,397,0),(270,2122,102,402,0),(271,3348,102,399,0),(272,411,102,397,0),(273,3233,102,397,0),(274,1177,102,399,0),(275,299,102,400,0),(276,3239,102,402,0),(277,1076,102,397,0),(278,3022,102,402,0),(279,1777,102,401,0),(280,416,102,401,0),(281,1971,102,401,0),(282,1128,102,398,0),(283,568,102,400,0),(284,919,102,401,0),(285,2157,102,400,0),(286,3426,102,397,0),(287,2896,102,397,0),(288,2249,102,400,0),(289,1798,102,398,0),(290,717,102,399,0),(291,2582,102,397,0),(292,1439,102,401,0),(293,1044,102,399,0),(294,1090,102,397,0),(295,1962,102,397,0),(296,1032,102,401,0),(297,34,102,401,0),(298,2599,102,402,0),(299,1226,102,399,0),(300,2088,102,400,0),(301,721,102,399,0),(302,932,102,397,0),(303,1004,102,399,0),(304,207,102,401,0),(305,408,102,402,0),(306,1041,102,402,0),(307,477,102,397,0),(308,2917,102,401,0),(309,172,102,398,0),(310,173,102,398,0),(311,2502,102,397,0),(312,1449,102,401,0),(313,3230,102,401,0),(314,3209,102,399,0),(315,2867,102,397,0),(316,1704,102,401,0),(317,677,102,398,0),(318,3012,102,397,0),(319,2147,102,398,0),(320,119,102,400,0),(321,655,102,397,0),(322,3363,102,401,0),(323,1876,102,401,0),(324,1234,102,399,0),(325,2782,102,398,0),(326,258,102,398,0),(327,3500,102,402,0),(328,2831,102,400,0),(329,279,102,398,0),(330,981,102,401,0),(331,3444,102,398,0),(332,450,102,401,0),(333,1447,102,398,0),(334,2548,102,398,0),(335,1057,102,401,0),(336,811,102,398,0),(337,536,102,397,0),(338,1686,102,398,0),(339,1152,102,398,0),(340,1423,102,400,0),(341,2331,102,402,0),(342,3725,102,398,0),(343,2610,102,397,0),(344,1144,102,398,0),(345,1653,102,397,0),(346,743,102,401,0),(347,2550,102,397,0),(348,3661,102,399,0),(349,2980,102,399,0),(350,265,102,398,0),(351,3592,102,399,0),(352,271,102,399,0),(353,2676,102,399,0),(354,3079,102,402,0),(355,3477,102,399,0),(356,2333,102,397,0),(357,1902,102,400,0),(358,263,102,401,0),(359,822,102,400,0),(360,103,102,397,0),(361,1745,102,402,0),(362,2159,102,398,0),(363,1145,102,400,0),(364,1432,102,399,0),(365,1036,102,399,0),(366,550,102,402,0),(367,2206,102,400,0),(368,45,102,399,0),(369,2398,102,398,0),(370,1174,102,402,0),(371,1035,102,397,0),(372,1923,102,402,0),(373,1657,102,401,0),(374,2004,102,397,0),(375,3630,102,402,0),(376,750,102,401,0),(377,2860,102,399,0),(378,1534,102,398,0),(379,3152,102,397,0),(380,1581,102,402,0),(381,2542,102,402,0),(382,614,102,402,0),(383,3508,102,398,0),(384,1675,102,401,0),(385,1231,102,399,0),(386,317,102,402,0),(387,1348,102,399,0),(388,2148,102,399,0),(389,706,102,400,0),(390,1526,102,397,0),(391,2563,102,401,0),(392,2539,102,398,0),(393,547,102,397,0),(394,1156,102,400,0),(395,1691,102,399,0),(396,2977,102,401,0),(397,3696,102,398,0),(398,1566,102,402,0),(399,1473,102,398,0),(400,2025,102,398,0),(401,2448,102,402,0),(402,1510,102,401,0),(403,1412,102,398,0),(404,2823,102,397,0),(405,2187,102,402,0),(406,460,102,398,0),(407,1607,102,402,0),(408,2794,102,397,0),(409,196,102,402,0),(410,3691,102,398,0),(411,9,102,399,0),(412,293,102,398,0),(413,999,102,401,0),(414,968,102,397,0),(415,2728,102,400,0),(416,347,102,402,0),(417,1677,102,400,0),(418,3378,102,402,0),(419,820,102,399,0),(420,2920,102,402,0),(421,2166,102,399,0),(422,1124,102,398,0),(423,1525,102,399,0),(424,335,102,400,0),(425,2253,102,398,0),(426,3679,102,402,0),(427,3062,102,398,0),(428,826,102,399,0),(429,1533,102,401,0),(430,3667,102,399,0),(431,1037,102,400,0),(432,2501,102,398,0),(433,3481,102,399,0),(434,1941,102,401,0),(435,2093,102,398,0),(436,3556,102,399,0),(437,3000,102,402,0),(438,1019,102,398,0),(439,3311,102,399,0),(440,3262,102,400,0),(441,3254,102,401,0),(442,3318,102,397,0),(443,374,102,401,0),(444,1638,102,400,0),(445,1667,102,398,0),(446,3281,102,400,0),(447,2121,102,399,0),(448,126,102,401,0),(449,3303,102,397,0),(450,3242,102,399,0),(451,466,102,398,0),(452,391,102,398,0),(453,2836,102,397,0),(454,339,102,399,0),(455,393,102,397,0),(456,3089,102,400,0),(457,2653,102,401,0),(458,1220,102,398,0),(459,3663,102,400,0),(460,558,102,401,0),(461,1676,102,401,0),(462,860,108,99,0),(463,1095,108,101,0),(464,2135,108,102,0),(465,1544,108,98,0),(466,3506,108,97,0),(467,871,108,99,0),(468,3488,108,99,0),(469,314,108,99,0),(470,3134,108,102,0),(471,1012,108,99,0),(472,2028,108,99,0),(473,1626,108,97,0),(474,210,108,100,0),(475,2242,108,101,0),(476,336,108,102,0),(477,3118,108,100,0),(478,413,108,97,0),(479,3654,108,101,0),(480,913,108,98,0),(481,773,108,100,0),(482,1263,108,101,0),(483,216,108,97,0),(484,2943,108,102,0),(485,2319,108,102,0),(486,1517,108,100,0),(487,1731,108,102,0),(488,3325,108,98,0),(489,1161,108,97,0),(490,3377,108,101,0),(491,2207,108,100,0),(492,2829,108,100,0),(493,2069,108,100,0),(494,1343,108,100,0),(495,1764,108,97,0),(496,1001,108,98,0),(497,806,108,97,0),(498,2631,108,101,0),(499,1225,108,100,0),(500,557,108,97,0),(501,1489,108,97,0),(502,1272,108,101,0),(503,2335,108,101,0),(504,70,108,98,0),(505,1563,108,98,0),(506,115,108,102,0),(507,2484,108,99,0),(508,3067,108,100,0),(509,2861,108,102,0),(510,2210,108,100,0),(511,560,108,97,0),(512,418,108,98,0),(513,1735,108,98,0),(514,1006,108,100,0),(515,1604,108,100,0),(516,1060,108,98,0),(517,3459,108,98,0),(518,2348,108,98,0),(519,1421,108,100,0),(520,1625,108,102,0),(521,160,108,102,0),(522,1905,108,99,0),(523,31,108,102,0),(524,554,108,100,0),(525,533,108,98,0),(526,1954,108,98,0),(527,1292,108,98,0),(528,3094,108,101,0),(529,2087,108,97,0),(530,1800,108,102,0),(531,2655,108,101,0),(532,2508,108,98,0),(533,885,108,97,0),(534,1501,108,102,0),(535,3191,108,97,0),(536,971,108,97,0),(537,3137,108,101,0),(538,1659,108,100,0),(539,340,108,97,0),(540,77,108,101,0),(541,397,108,98,0),(542,1614,108,100,0),(543,1492,108,102,0),(544,1066,108,101,0),(545,266,108,102,0),(546,388,108,97,0),(547,3087,108,98,0),(548,2883,108,101,0),(549,2006,108,98,0),(550,167,108,102,0),(551,507,108,97,0),(552,3463,108,102,0),(553,3061,108,97,0),(554,2046,108,101,0),(555,927,108,98,0),(556,1457,108,102,0),(557,261,39,122,0),(558,1721,39,121,0),(559,3613,39,125,0),(560,705,39,123,0),(561,1301,39,121,0),(562,451,39,125,0),(563,1166,39,122,0),(564,1431,39,122,0),(565,3360,39,122,0),(566,1169,39,123,0),(567,823,39,123,0),(568,3434,39,121,0),(569,240,39,122,0),(570,1552,39,123,0),(571,2071,39,125,0),(572,1043,39,126,0),(573,317,39,126,0),(574,110,39,125,0),(575,2932,39,124,0),(576,2293,39,124,0),(577,1093,39,126,0),(578,358,39,122,0),(579,180,39,122,0),(580,2683,39,123,0),(581,3647,39,122,0),(582,2713,39,122,0),(583,1945,39,124,0),(584,3335,39,121,0),(585,3461,39,123,0),(586,1245,39,125,0),(587,526,39,122,0),(588,40,39,124,0),(589,118,39,124,0),(590,505,39,124,0),(591,1393,39,125,0),(592,96,39,124,0),(593,2753,39,124,0),(594,1410,39,126,0),(595,1372,39,121,0),(596,2866,39,121,0),(597,1227,39,125,0),(598,1485,39,124,0),(599,392,39,122,0),(600,266,39,121,0),(601,1066,39,124,0),(602,1637,39,122,0),(603,903,39,125,0),(604,361,39,124,0),(605,3616,39,121,0),(606,2984,39,123,0),(607,307,39,122,0),(608,558,39,123,0),(609,3366,39,125,0),(610,1196,39,126,0),(611,400,39,125,0),(612,581,39,123,0),(613,425,39,124,0),(614,1752,39,124,0),(615,2788,1,179,0),(616,634,1,180,0),(617,339,1,177,0),(618,677,1,175,0),(619,2552,1,177,0),(620,1537,1,177,0),(621,232,1,176,0),(622,2954,1,175,0),(623,434,1,177,0),(624,957,1,180,0),(625,478,1,177,0),(626,470,1,175,0),(627,2428,1,177,0),(628,44,1,178,0),(629,1997,1,179,0),(630,2835,1,179,0),(631,1585,1,177,0),(632,958,1,178,0),(633,1900,1,178,0),(634,188,1,177,0),(635,3182,1,175,0),(636,2765,1,175,0),(637,465,1,177,0),(638,2688,1,175,0),(639,1488,1,177,0),(640,882,1,178,0),(641,612,1,179,0),(642,2712,1,180,0),(643,519,1,177,0),(644,1406,1,179,0),(645,2649,1,176,0),(646,2235,1,175,0),(647,2404,1,177,0),(648,1621,1,178,0),(649,2288,1,179,0),(650,1210,1,177,0),(651,1286,1,177,0),(652,2300,56,287,0),(653,1919,56,286,0),(654,1168,48,559,0),(655,1118,48,560,0),(656,1203,48,563,0),(657,1879,48,559,0),(658,2129,48,562,0),(659,2328,48,562,0),(660,69,48,561,0),(661,437,48,559,0),(662,998,48,559,0),(663,128,48,563,0),(664,686,48,560,0),(665,2221,48,563,0),(666,2145,48,562,0),(667,851,48,563,0),(668,350,48,559,0),(669,565,48,561,0),(670,654,48,563,0),(671,1370,48,559,0),(672,628,48,563,0),(673,1944,48,560,0),(674,1253,48,561,0),(675,1198,48,559,0),(676,339,48,564,0),(677,677,48,561,0),(678,1054,48,561,0),(679,1051,48,561,0),(680,100,48,559,0),(681,2950,48,563,0),(682,2880,48,560,0),(683,1975,48,561,0),(684,1420,48,562,0),(685,1066,48,563,0),(686,1206,48,563,0),(687,388,48,560,0),(688,2883,48,561,0),(689,591,112,20,0),(690,2646,112,19,0),(691,316,112,19,0),(692,1553,112,21,0),(693,3737,112,23,0),(694,3410,112,19,0),(695,3490,112,22,0),(696,1404,112,22,0),(697,603,112,24,0),(698,2449,112,23,0),(699,2067,112,23,0),(700,1127,112,23,0),(701,82,112,19,0),(702,679,112,20,0),(703,3249,112,21,0),(704,1602,112,22,0),(705,1136,112,24,0),(706,585,112,19,0),(707,275,112,22,0),(708,929,112,22,0),(709,1593,112,22,0),(710,3749,112,20,0),(711,1873,112,21,0),(712,2347,112,24,0),(713,3259,112,19,0),(714,1428,112,24,0),(715,1379,112,24,0),(716,3702,112,23,0),(717,3149,112,20,0),(718,2622,112,21,0),(719,1250,112,22,0),(720,586,112,24,0),(721,282,112,24,0),(722,3546,112,21,0),(723,2312,112,23,0),(724,2554,112,24,0),(725,841,112,23,0),(726,2875,112,24,0),(727,853,112,23,0),(728,1005,112,23,0),(729,503,112,21,0),(730,1950,112,19,0),(731,2936,112,22,0),(732,1816,112,21,0),(733,2512,112,19,0),(734,1078,112,19,0),(735,1682,112,20,0),(736,349,112,21,0),(737,1824,112,21,0),(738,1276,112,19,0),(739,1886,112,21,0),(740,946,112,23,0),(741,926,112,19,0),(742,3277,112,23,0),(743,87,112,19,0),(744,366,112,23,0),(745,2755,112,24,0),(746,2715,112,23,0),(747,2897,112,24,0),(748,226,112,21,0),(749,2520,112,22,0),(750,1429,112,19,0),(751,233,112,22,0),(752,3752,112,23,0),(753,2739,112,19,0),(754,2703,112,24,0),(755,2598,112,20,0),(756,3341,112,21,0),(757,894,112,21,0),(758,529,112,24,0),(759,3420,112,19,0),(760,3688,112,20,0),(761,1153,112,23,0),(762,3658,112,19,0),(763,1009,112,23,0),(764,3507,112,21,0),(765,2141,112,21,0),(766,3390,112,19,0),(767,3125,112,21,0),(768,1010,112,19,0),(769,61,112,21,0),(770,2748,112,24,0),(771,351,112,20,0),(772,1115,112,21,0),(773,464,112,20,0),(774,54,112,22,0),(775,1065,112,22,0),(776,1186,112,21,0),(777,1849,112,20,0),(778,2332,115,392,0),(779,578,115,394,0),(780,2487,115,391,0),(781,385,115,396,0),(782,1335,115,392,0),(783,2710,115,395,0),(784,133,115,392,0),(785,2840,115,396,0),(786,3218,115,392,0),(787,960,115,392,0),(788,3378,115,396,0),(789,3132,115,394,0),(790,1915,115,391,0),(791,1629,115,393,0),(792,460,115,392,0),(793,1533,115,393,0),(794,3376,115,394,0),(795,2301,115,391,0),(796,2354,115,392,0),(797,15,115,393,0),(798,318,115,391,0),(799,396,115,396,0),(800,266,115,391,0),(801,1066,115,392,0),(802,1303,115,393,0),(803,42,9,641,0),(804,2308,9,639,0),(805,1778,9,637,0),(806,720,9,641,0),(807,291,9,642,0),(808,1859,9,637,0),(809,399,9,639,0),(810,471,9,641,0),(811,1672,9,640,0),(812,2890,9,640,0),(813,888,9,641,0),(814,1321,9,642,0),(815,3189,9,637,0),(816,62,9,642,0),(817,1364,9,639,0),(818,2280,9,637,0),(819,2223,9,638,0),(820,2350,9,639,0),(821,1737,9,640,0),(822,369,9,638,0),(823,1567,9,642,0),(824,234,9,637,0),(825,776,9,640,0),(826,1632,9,638,0),(827,1338,9,638,0),(828,1275,9,637,0),(829,266,66,105,0),(830,1968,66,108,0),(831,2252,66,106,0),(832,2787,66,103,0),(833,1664,66,104,0),(834,1373,66,103,0),(835,3275,66,103,0),(836,2578,66,107,0),(837,693,66,107,0),(838,2604,66,107,0),(839,3639,66,105,0),(840,1813,66,105,0),(841,2,66,105,0),(842,2023,66,108,0),(843,205,66,105,0),(844,1297,66,104,0),(845,377,66,106,0),(846,1269,66,107,0),(847,1619,66,105,0),(848,3155,66,107,0),(849,1522,66,106,0),(850,1088,66,103,0),(851,3547,66,103,0),(852,2593,66,103,0),(853,1506,66,107,0),(854,3493,66,107,0),(855,3185,66,106,0),(856,3682,66,105,0),(857,488,66,104,0),(858,1559,66,105,0),(859,1795,66,104,0),(860,1043,66,103,0),(861,2083,66,107,0),(862,1014,66,107,0),(863,1748,66,105,0),(864,2724,66,107,0),(865,985,66,105,0),(866,3653,66,105,0),(867,1810,66,106,0),(868,155,66,105,0),(869,1288,66,106,0),(870,769,66,108,0),(871,368,66,105,0),(872,2709,66,104,0),(873,3344,66,107,0),(874,1211,66,106,0),(875,30,66,108,0),(876,2234,66,104,0),(877,790,66,107,0),(878,125,66,106,0),(879,425,66,108,0),(880,1295,66,106,0),(881,1485,66,104,0),(882,392,66,106,0),(883,558,66,105,0),(884,1168,110,597,0),(885,1118,110,595,0),(886,1203,110,597,0),(887,1879,110,599,0),(888,2129,110,600,0),(889,2328,110,600,0),(890,69,110,595,0),(891,437,110,600,0),(892,998,110,599,0),(893,128,110,598,0),(894,686,110,597,0),(895,2221,110,600,0),(896,2145,110,599,0),(897,851,110,598,0),(898,350,110,600,0),(899,565,110,596,0),(900,654,110,598,0),(901,1370,110,596,0),(902,628,110,595,0),(903,1944,110,597,0),(904,1253,110,595,0),(905,1198,110,596,0),(906,339,110,595,0),(907,677,110,596,0),(908,1054,110,597,0),(909,1051,110,595,0),(910,100,110,595,0),(911,2950,110,595,0),(912,2880,110,595,0),(913,1975,110,595,0),(914,1066,110,599,0),(915,266,110,600,0),(916,388,110,598,0),(917,2883,110,600,0),(918,1420,110,596,0),(919,2357,13,373,0),(920,2053,13,374,0),(921,3664,13,376,0),(922,2672,13,376,0),(923,983,13,378,0),(924,3675,13,374,0),(925,1655,13,373,0),(926,339,13,375,0),(927,677,13,375,0),(928,2026,13,376,0),(929,666,13,378,0),(930,914,13,376,0),(931,1759,13,375,0),(932,110,13,378,0),(933,2621,13,373,0),(934,1318,13,375,0),(935,2421,13,378,0),(936,2704,13,373,0),(937,181,13,378,0),(938,3065,13,378,0),(939,581,13,376,0),(940,1375,13,376,0),(941,1395,13,376,0),(942,388,13,378,0),(943,224,13,374,0),(944,298,13,378,0),(945,1275,13,373,0),(946,558,13,373,0),(947,1079,13,377,0),(948,523,13,377,0),(949,2641,13,378,0),(950,658,13,373,0),(951,3713,13,376,0),(952,1168,75,583,0),(953,1118,75,587,0),(954,1203,75,585,0),(955,1879,75,586,0),(956,2129,75,583,0),(957,2328,75,586,0),(958,69,75,588,0),(959,437,75,585,0),(960,998,75,584,0),(961,128,75,587,0),(962,686,75,587,0),(963,2221,75,583,0),(964,2145,75,585,0),(965,851,75,585,0),(966,350,75,585,0),(967,565,75,586,0),(968,654,75,586,0),(969,1370,75,584,0),(970,628,75,587,0),(971,1944,75,584,0),(972,1253,75,583,0),(973,1198,75,588,0),(974,339,75,587,0),(975,677,75,583,0),(976,1054,75,586,0),(977,1051,75,584,0),(978,100,75,587,0),(979,2950,75,585,0),(980,2880,75,584,0),(981,1975,75,585,0),(982,1066,75,587,0),(983,1206,75,583,0),(984,388,75,586,0),(985,2883,75,585,0),(986,1420,75,583,0),(987,909,83,435,0),(988,2430,83,435,0),(989,209,83,438,0),(990,1978,83,436,0),(991,3107,83,435,0),(992,1549,83,437,0),(993,132,114,52,0),(994,553,114,49,0),(995,339,114,51,0),(996,677,114,52,0),(997,1365,114,52,0),(998,2538,114,51,0),(999,1485,114,51,0),(1000,1385,114,51,0),(1001,393,114,51,0),(1002,1704,114,49,0),(1003,778,114,53,0),(1004,3048,114,54,0),(1005,1139,114,53,0),(1006,1380,114,54,0),(1007,502,114,49,0),(1008,2277,114,52,0),(1009,2445,114,53,0),(1010,1334,114,51,0),(1011,2680,114,51,0),(1012,2668,114,53,0),(1013,66,114,50,0),(1014,859,114,51,0),(1015,2024,114,54,0),(1016,3723,114,54,0),(1017,2983,114,51,0),(1018,200,114,50,0),(1019,2939,114,51,0),(1020,1946,114,54,0),(1021,174,114,54,0),(1022,2429,114,51,0),(1023,373,114,52,0),(1024,1168,106,590,0),(1025,1118,106,593,0),(1026,1203,106,593,0),(1027,1879,106,590,0),(1028,2129,106,594,0),(1029,2328,106,589,0),(1030,69,106,594,0),(1031,437,106,591,0),(1032,998,106,591,0),(1033,128,106,589,0),(1034,686,106,591,0),(1035,2221,106,591,0),(1036,2145,106,589,0),(1037,851,106,590,0),(1038,350,106,594,0),(1039,565,106,594,0),(1040,654,106,594,0),(1041,1370,106,590,0),(1042,628,106,593,0),(1043,1944,106,591,0),(1044,1253,106,590,0),(1045,1198,106,592,0),(1046,339,106,590,0),(1047,677,106,591,0),(1048,1054,106,591,0),(1049,1051,106,593,0),(1050,100,106,594,0),(1051,2950,106,589,0),(1052,2880,106,592,0),(1053,1257,106,593,0),(1054,1975,106,590,0),(1055,1499,106,590,0),(1056,3024,106,592,0),(1057,1217,106,590,0),(1058,131,106,594,0),(1059,1420,106,594,0),(1060,1168,52,573,0),(1061,1118,52,576,0),(1062,1203,52,571,0),(1063,1879,52,571,0),(1064,2129,52,575,0),(1065,2328,52,573,0),(1066,69,52,574,0),(1067,437,52,576,0),(1068,998,52,576,0),(1069,128,52,572,0),(1070,686,52,571,0),(1071,2221,52,574,0),(1072,2145,52,571,0),(1073,851,52,573,0),(1074,350,52,573,0),(1075,565,52,575,0),(1076,654,52,574,0),(1077,1370,52,574,0),(1078,628,52,573,0),(1079,1944,52,574,0),(1080,1253,52,576,0),(1081,1198,52,576,0),(1082,339,52,573,0),(1083,677,52,575,0),(1084,1054,52,572,0),(1085,1051,52,571,0),(1086,100,52,575,0),(1087,2950,52,576,0),(1088,2880,52,576,0),(1089,1975,52,575,0),(1090,2572,52,572,0),(1091,131,52,576,0),(1092,1066,52,575,0),(1093,1217,52,571,0),(1094,266,52,575,0),(1095,32,52,574,0),(1096,1168,26,548,0),(1097,1118,26,551,0),(1098,1203,26,549,0),(1099,1879,26,549,0),(1100,2129,26,547,0),(1101,2328,26,552,0),(1102,69,26,552,0),(1103,437,26,549,0),(1104,998,26,548,0),(1105,128,26,552,0),(1106,686,26,548,0),(1107,2221,26,550,0),(1108,2145,26,550,0),(1109,851,26,547,0),(1110,350,26,551,0),(1111,565,26,551,0),(1112,654,26,547,0),(1113,1370,26,548,0),(1114,628,26,551,0),(1115,1944,26,551,0),(1116,1253,26,552,0),(1117,1198,26,549,0),(1118,339,26,551,0),(1119,677,26,548,0),(1120,1054,26,551,0),(1121,1051,26,549,0),(1122,100,26,550,0),(1123,2950,26,552,0),(1124,2880,26,550,0),(1125,1975,26,551,0),(1126,1420,26,547,0),(1127,1066,26,547,0),(1128,1206,26,547,0),(1129,388,26,547,0),(1130,2883,26,547,0),(1131,2658,17,508,0),(1132,204,17,508,0),(1133,3446,17,506,0),(1134,2562,17,510,0),(1135,3217,17,508,0),(1136,3646,17,510,0),(1137,3028,17,505,0),(1138,3538,17,506,0),(1139,3505,17,509,0),(1140,897,17,507,0),(1141,3460,17,508,0),(1142,2263,17,507,0),(1143,1831,17,506,0),(1144,2801,17,506,0),(1145,1036,17,510,0),(1146,1024,17,510,0),(1147,530,17,505,0),(1148,1479,17,506,0),(1149,795,17,507,0),(1150,477,17,507,0),(1151,451,17,508,0),(1152,3693,17,506,0),(1153,1431,17,506,0),(1154,1249,17,508,0),(1155,2421,17,510,0),(1156,495,17,508,0),(1157,2876,17,505,0),(1158,2290,17,509,0),(1159,2441,17,505,0),(1160,2495,17,508,0),(1161,723,17,507,0),(1162,1542,17,506,0),(1163,997,17,505,0),(1164,130,17,507,0),(1165,1043,17,509,0),(1166,1120,17,510,0),(1167,375,17,509,0),(1168,2903,17,507,0),(1169,1986,17,508,0),(1170,3211,17,507,0),(1171,3431,17,505,0),(1172,178,17,508,0),(1173,1645,17,507,0),(1174,848,17,509,0),(1175,1014,17,505,0),(1176,318,17,510,0),(1177,227,17,506,0),(1178,566,17,509,0),(1179,3005,17,508,0),(1180,1319,17,508,0),(1181,1467,17,510,0),(1182,2486,17,507,0),(1183,2685,17,507,0),(1184,345,17,507,0),(1185,192,17,505,0),(1186,404,17,507,0),(1187,569,17,510,0),(1188,3138,17,509,0),(1189,3091,17,510,0),(1190,2759,17,510,0),(1191,2043,17,507,0),(1192,2791,17,508,0),(1193,2467,17,507,0),(1194,3173,17,509,0),(1195,2623,17,507,0),(1196,376,17,505,0),(1197,3313,17,510,0),(1198,2615,17,509,0),(1199,1901,17,507,0),(1200,2529,17,507,0),(1201,1150,17,508,0),(1202,1528,17,509,0),(1203,1330,17,508,0),(1204,1932,17,510,0),(1205,2922,17,510,0),(1206,2193,17,505,0),(1207,2120,17,507,0),(1208,809,17,508,0),(1209,2367,17,506,0),(1210,2114,17,509,0),(1211,582,17,509,0),(1212,2629,17,510,0),(1213,1830,17,506,0),(1214,425,17,505,0),(1215,419,17,507,0),(1216,2556,17,505,0),(1217,2573,17,508,0),(1218,790,17,510,0),(1219,581,17,507,0),(1220,1991,17,510,0),(1221,1749,17,509,0),(1222,57,17,506,0),(1223,325,17,506,0),(1224,2289,17,509,0),(1225,523,17,507,0),(1226,3147,17,505,0),(1227,3273,17,507,0),(1228,1871,17,510,0),(1229,2590,17,508,0),(1230,2957,17,508,0),(1231,1715,17,506,0),(1232,3756,17,507,0),(1233,3561,17,509,0),(1234,2437,17,507,0),(1235,3599,17,505,0),(1236,1079,17,505,0),(1237,1474,17,505,0),(1238,1694,17,507,0),(1239,2391,17,505,0),(1240,7,17,506,0),(1241,1363,17,508,0),(1242,532,17,510,0),(1243,1632,17,508,0),(1244,2825,17,507,0),(1245,1974,17,505,0),(1246,378,17,509,0),(1247,925,17,508,0),(1248,2630,17,508,0),(1249,1183,17,506,0),(1250,150,17,506,0),(1251,567,17,510,0),(1252,3365,17,508,0),(1253,1878,17,506,0),(1254,3478,17,505,0),(1255,3462,17,510,0),(1256,127,17,506,0),(1257,2323,17,509,0),(1258,1081,17,506,0),(1259,1896,17,506,0),(1260,2327,17,509,0),(1261,1100,17,507,0),(1262,2723,17,505,0),(1263,3175,17,506,0),(1264,1134,17,505,0),(1265,716,17,508,0),(1266,3172,17,507,0),(1267,674,17,507,0),(1268,1921,17,505,0),(1269,633,17,506,0),(1270,3548,17,507,0),(1271,356,17,510,0),(1272,3345,17,507,0),(1273,1282,17,507,0),(1274,1097,17,508,0),(1275,1396,17,509,0),(1276,2849,17,508,0),(1277,2142,17,506,0),(1278,3136,17,505,0),(1279,1322,18,318,0),(1280,3203,18,314,0),(1281,1872,18,317,0),(1282,2892,18,313,0),(1283,884,18,316,0),(1284,604,18,318,0),(1285,410,18,315,0),(1286,2403,18,313,0),(1287,1858,18,315,0),(1288,1739,18,316,0),(1289,2697,18,316,0),(1290,544,18,315,0),(1291,1477,18,315,0),(1292,2762,18,313,0),(1293,2879,18,314,0),(1294,2231,18,317,0),(1295,2686,18,317,0),(1296,364,18,317,0),(1297,963,18,315,0),(1298,1463,18,314,0),(1299,793,18,313,0),(1300,2976,18,313,0),(1301,158,18,314,0),(1302,1103,18,316,0),(1303,1538,18,313,0),(1304,3042,18,314,0),(1305,801,18,315,0),(1306,1111,18,316,0),(1307,3122,18,313,0),(1308,59,18,315,0),(1309,2863,18,316,0),(1310,2203,18,316,0),(1311,1584,18,315,0),(1312,1904,103,338,0),(1313,2854,103,342,0),(1314,1235,103,340,0),(1315,1120,103,340,0),(1316,3066,103,342,0),(1317,3577,103,342,0),(1318,839,103,337,0),(1319,2266,103,337,0),(1320,137,103,340,0),(1321,3445,103,341,0),(1322,360,103,341,0),(1323,2311,103,339,0),(1324,659,103,338,0),(1325,2090,103,338,0),(1326,3518,103,338,0),(1327,2733,103,339,0),(1328,76,103,337,0),(1329,2139,103,342,0),(1330,1476,103,339,0),(1331,3620,103,338,0),(1332,493,103,337,0),(1333,436,103,342,0),(1334,2656,103,342,0),(1335,1052,103,341,0),(1336,2000,103,337,0),(1337,373,103,337,0),(1338,2960,103,339,0),(1339,2254,103,342,0),(1340,2734,103,337,0),(1341,2421,103,339,0),(1342,295,103,338,0),(1343,2584,103,338,0),(1344,320,103,342,0),(1345,1787,103,338,0),(1346,2215,103,341,0),(1347,2392,103,338,0),(1348,2625,103,338,0),(1349,942,103,337,0),(1350,3575,103,337,0),(1351,255,103,340,0),(1352,1641,103,338,0),(1353,1623,103,339,0),(1354,2447,103,337,0),(1355,3302,103,340,0),(1356,1704,103,338,0),(1357,553,103,338,0),(1358,677,103,338,0),(1359,734,103,339,0),(1360,1485,103,337,0),(1361,393,103,337,0),(1362,339,103,339,0),(1363,186,103,339,0),(1364,426,103,337,0),(1365,3503,103,342,0),(1366,964,103,340,0),(1367,1612,103,342,0),(1368,1183,103,337,0),(1369,206,103,338,0),(1370,431,103,340,0),(1371,3157,103,338,0),(1372,2516,103,339,0),(1373,3497,103,337,0),(1374,1632,103,338,0),(1375,7,103,341,0),(1376,1917,103,340,0),(1377,22,103,342,0),(1378,731,103,337,0),(1379,425,103,337,0),(1380,581,103,338,0),(1381,3436,103,339,0),(1382,197,51,567,0),(1383,329,19,164,0),(1384,471,19,166,0),(1385,2128,19,165,0),(1386,164,19,168,0),(1387,1665,19,164,0),(1388,4,19,166,0),(1389,2527,19,163,0),(1390,42,19,166,0),(1391,291,19,167,0),(1392,1360,19,163,0),(1393,3712,19,167,0),(1394,888,19,167,0),(1395,2890,19,167,0),(1396,1859,19,166,0),(1397,2201,19,164,0),(1398,399,19,167,0),(1399,1672,19,168,0),(1400,1320,19,165,0),(1401,1778,19,165,0),(1402,720,19,164,0),(1403,3081,19,164,0),(1404,1504,19,166,0),(1405,996,19,165,0),(1406,2417,19,166,0),(1407,2101,19,166,0),(1408,1523,19,165,0),(1409,2239,19,165,0),(1410,933,19,163,0),(1411,241,19,164,0),(1412,1181,19,163,0),(1413,315,19,163,0),(1414,2281,19,166,0),(1415,3414,19,164,0),(1416,2882,19,165,0),(1417,1555,19,164,0),(1418,106,19,164,0),(1419,1575,19,163,0),(1420,3683,19,166,0),(1421,1660,19,166,0),(1422,587,19,168,0),(1423,2992,19,166,0),(1424,148,19,166,0),(1425,1883,19,164,0),(1426,3636,19,165,0),(1427,2745,19,165,0),(1428,978,19,168,0),(1429,1072,19,164,0),(1430,3212,19,163,0),(1431,2282,19,168,0),(1432,2244,19,167,0),(1433,817,19,163,0),(1434,88,19,166,0),(1435,955,19,166,0),(1436,3401,19,166,0),(1437,1994,19,166,0),(1438,2123,19,164,0),(1439,543,19,168,0),(1440,3173,19,165,0),(1441,1985,19,166,0),(1442,2601,19,165,0),(1443,3258,19,168,0),(1444,2971,19,167,0),(1445,110,19,168,0),(1446,317,19,166,0),(1447,1411,19,164,0),(1448,2470,19,167,0),(1449,473,19,167,0),(1450,1508,19,168,0),(1451,1224,19,167,0),(1452,33,19,163,0),(1453,378,19,166,0),(1454,2805,19,164,0),(1455,1323,19,168,0),(1456,1197,19,167,0),(1457,2701,19,163,0),(1458,435,19,167,0),(1459,425,19,165,0),(1460,2824,19,165,0),(1461,2257,19,163,0),(1462,790,19,163,0),(1463,1704,76,46,0),(1464,642,76,48,0),(1465,677,76,45,0),(1466,836,76,48,0),(1467,1347,76,44,0),(1468,757,76,46,0),(1469,3448,76,48,0),(1470,2443,76,48,0),(1471,135,76,48,0),(1472,1789,76,44,0),(1473,2650,76,46,0),(1474,2569,76,43,0),(1475,626,76,44,0),(1476,2255,76,48,0),(1477,589,76,48,0),(1478,3716,76,48,0),(1479,737,76,48,0),(1480,1458,76,48,0),(1481,1573,76,44,0),(1482,1505,76,48,0),(1483,1465,76,48,0),(1484,678,76,48,0),(1485,2724,76,43,0),(1486,808,76,43,0),(1487,1748,76,46,0),(1488,1309,76,47,0),(1489,1851,76,44,0),(1490,1568,76,43,0),(1491,1964,76,47,0),(1492,2294,76,45,0),(1493,2044,76,48,0),(1494,56,76,44,0),(1495,1355,76,45,0),(1496,1061,76,44,0),(1497,2409,76,47,0),(1498,644,76,47,0),(1499,1369,76,47,0),(1500,3077,76,46,0),(1501,2518,76,46,0),(1502,3307,76,43,0),(1503,280,76,47,0),(1504,2321,76,48,0),(1505,2197,76,43,0),(1506,1587,76,47,0),(1507,3225,76,45,0),(1508,2267,76,44,0),(1509,3398,76,46,0),(1510,1252,76,44,0),(1511,1721,76,45,0),(1512,1832,76,43,0),(1513,1290,76,47,0),(1514,1898,76,46,0),(1515,555,76,44,0),(1516,553,76,43,0),(1517,339,76,44,0),(1518,1401,76,46,0),(1519,1453,76,48,0),(1520,1399,76,44,0),(1521,2737,76,47,0),(1522,1647,76,43,0),(1523,862,76,44,0),(1524,3385,76,48,0),(1525,195,76,43,0),(1526,1373,76,44,0),(1527,422,76,48,0),(1528,2423,76,48,0),(1529,2313,76,45,0),(1530,107,76,47,0),(1531,2812,76,48,0),(1532,3322,76,48,0),(1533,1807,76,44,0),(1534,3734,76,45,0),(1535,3084,76,43,0),(1536,2245,76,43,0),(1537,1820,76,43,0),(1538,2905,76,48,0),(1539,2771,76,43,0),(1540,2096,76,48,0),(1541,3025,76,48,0),(1542,2082,76,46,0),(1543,211,76,47,0),(1544,39,76,48,0),(1545,2674,76,43,0),(1546,1218,76,43,0),(1547,3727,76,48,0),(1548,3301,76,47,0),(1549,656,76,43,0),(1550,3745,76,44,0),(1551,3210,76,45,0),(1552,2926,76,45,0),(1553,3359,76,48,0),(1554,2658,76,44,0),(1555,204,76,45,0),(1556,368,76,46,0),(1557,1699,76,47,0),(1558,1943,76,48,0),(1559,1726,76,44,0),(1560,1214,76,46,0),(1561,1036,76,43,0),(1562,1700,76,43,0),(1563,1558,76,48,0),(1564,1999,76,47,0),(1565,928,76,47,0),(1566,941,76,44,0),(1567,3164,76,45,0),(1568,1388,76,46,0),(1569,3006,76,47,0),(1570,166,76,47,0),(1571,2399,76,46,0),(1572,3154,76,43,0),(1573,1605,76,48,0),(1574,3156,76,47,0),(1575,1016,76,44,0),(1576,848,76,43,0),(1577,1569,76,47,0),(1578,1096,76,43,0),(1579,3595,76,44,0),(1580,251,76,45,0),(1581,602,76,45,0),(1582,1491,76,46,0),(1583,605,76,45,0),(1584,1957,76,44,0),(1585,12,76,46,0),(1586,642,62,62,0),(1587,339,62,63,0),(1588,553,62,63,0),(1589,223,62,61,0),(1590,1620,62,66,0),(1591,3298,62,62,0),(1592,3564,62,64,0),(1593,2769,62,62,0),(1594,3409,62,65,0),(1595,572,62,63,0),(1596,506,62,61,0),(1597,780,62,65,0),(1598,910,62,65,0),(1599,234,62,65,0),(1600,369,62,65,0),(1601,2589,62,65,0),(1602,2759,62,62,0),(1603,1557,62,66,0),(1604,3083,62,64,0),(1605,317,62,61,0),(1606,2066,62,61,0),(1607,427,62,65,0),(1608,286,62,62,0),(1609,2274,62,62,0),(1610,2280,62,66,0),(1611,2350,62,65,0),(1612,1737,62,65,0),(1613,180,62,63,0),(1614,2250,62,63,0),(1615,1984,62,66,0),(1616,3489,62,61,0),(1617,2379,62,65,0),(1618,3492,62,63,0),(1619,1281,62,64,0),(1620,3453,62,65,0),(1621,3498,62,61,0),(1622,870,62,62,0),(1623,857,62,65,0),(1624,827,62,62,0),(1625,301,62,63,0),(1626,1482,62,61,0),(1627,3425,62,62,0),(1628,3397,62,64,0),(1629,1329,62,63,0),(1630,1119,63,696,0),(1631,741,63,692,0),(1632,2756,63,695,0),(1633,712,63,693,0),(1634,949,63,694,0),(1635,3,63,691,0),(1636,1237,15,114,0),(1637,2268,15,110,0),(1638,308,15,112,0),(1639,2099,15,109,0),(1640,970,15,114,0),(1641,1786,15,111,0),(1642,2139,15,112,0),(1643,1120,15,109,0),(1644,214,15,113,0),(1645,802,15,110,0),(1646,1910,15,113,0),(1647,2224,15,110,0),(1648,338,15,113,0),(1649,819,15,110,0),(1650,3512,15,110,0),(1651,1052,15,111,0),(1652,373,15,111,0),(1653,677,15,111,0),(1654,553,15,109,0),(1655,1074,15,110,0),(1656,74,36,229,0),(1657,1022,36,230,0),(1658,1939,36,234,0),(1659,1899,36,234,0),(1660,1702,36,233,0),(1661,1056,36,231,0),(1662,1109,36,234,0),(1663,1433,36,233,0),(1664,746,36,234,0),(1665,122,36,232,0),(1666,1193,36,229,0),(1667,1066,36,234,0),(1668,266,36,231,0),(1669,449,11,650,0),(1670,581,11,652,0),(1671,3,11,651,0),(1672,1658,11,654,0),(1673,790,11,652,0),(1674,3056,11,650,0),(1675,2842,11,651,0),(1676,1897,11,654,0),(1677,250,11,652,0),(1678,212,92,55,0),(1679,2165,92,57,0),(1680,266,92,58,0),(1681,2567,92,56,0),(1682,3115,92,58,0),(1683,637,92,55,0),(1684,2911,92,58,0),(1685,2766,92,55,0),(1686,732,92,58,0),(1687,1766,92,55,0),(1688,3406,92,55,0),(1689,328,92,57,0),(1690,505,92,56,0),(1691,548,92,60,0),(1692,3447,92,55,0),(1693,1126,92,55,0),(1694,1066,92,58,0),(1695,3711,92,56,0),(1696,707,113,519,0),(1697,1336,113,520,0),(1698,683,113,521,0),(1699,1746,113,519,0),(1700,754,113,519,0),(1701,371,113,521,0),(1702,2560,113,520,0),(1703,2062,113,517,0),(1704,51,113,520,0),(1705,187,113,518,0),(1706,3746,113,518,0),(1707,1194,113,520,0),(1708,394,113,517,0),(1709,2726,113,517,0),(1710,1889,113,518,0),(1711,2272,113,521,0),(1712,3731,113,518,0),(1713,1689,113,517,0),(1714,1609,113,522,0),(1715,2150,113,520,0),(1716,300,113,522,0),(1717,1002,113,522,0),(1718,1000,113,519,0),(1719,1341,113,519,0),(1720,806,113,522,0),(1721,557,113,519,0),(1722,609,113,518,0),(1723,74,22,214,0),(1724,1022,22,216,0),(1725,1939,22,212,0),(1726,1899,22,215,0),(1727,1702,22,215,0),(1728,1056,22,211,0),(1729,1109,22,213,0),(1730,1433,22,212,0),(1731,746,22,213,0),(1732,122,22,215,0),(1733,1193,22,215,0),(1734,1066,22,212,0),(1735,266,22,214,0),(1736,2287,74,676,0),(1737,2902,74,675,0),(1738,2729,74,674,0),(1739,1712,74,674,0),(1740,2214,74,677,0),(1741,1367,74,674,0),(1742,218,74,678,0),(1743,3659,74,678,0),(1744,1137,74,673,0),(1745,1624,74,675,0),(1746,3405,74,673,0),(1747,1926,74,675,0),(1748,552,74,675,0),(1749,1496,74,674,0),(1750,692,74,677,0),(1751,1289,74,676,0),(1752,1927,74,673,0),(1753,987,74,677,0),(1754,2638,74,674,0),(1755,1275,74,678,0),(1756,558,74,678,0),(1757,1595,87,514,0),(1758,5,87,512,0),(1759,3039,87,512,0),(1760,856,87,516,0),(1761,3715,87,511,0),(1762,3719,87,512,0),(1763,890,87,515,0),(1764,742,87,516,0),(1765,756,87,511,0),(1766,975,87,512,0),(1767,170,87,514,0),(1768,935,87,512,0),(1769,2191,87,514,0),(1770,2698,87,514,0),(1771,1947,87,511,0),(1772,3618,87,514,0),(1773,3146,87,515,0),(1774,189,49,533,0),(1775,3671,49,529,0),(1776,13,49,529,0),(1777,2672,49,530,0),(1778,1247,49,529,0),(1779,1291,49,533,0),(1780,74,80,249,0),(1781,1022,80,250,0),(1782,1939,80,250,0),(1783,1899,80,249,0),(1784,1702,80,249,0),(1785,1056,80,250,0),(1786,1109,80,247,0),(1787,746,80,247,0),(1788,122,80,249,0),(1789,1193,80,251,0),(1790,1066,80,252,0),(1791,266,80,249,0),(1792,74,3,190,0),(1793,1022,3,191,0),(1794,1939,3,191,0),(1795,1899,3,188,0),(1796,1702,3,188,0),(1797,1056,3,188,0),(1798,1109,3,192,0),(1799,1433,3,190,0),(1800,746,3,192,0),(1801,122,3,189,0),(1802,1193,3,188,0),(1803,1066,3,190,0),(1804,266,3,187,0),(1805,74,30,218,0),(1806,1022,30,218,0),(1807,1939,30,217,0),(1808,1899,30,219,0),(1809,1702,30,221,0),(1810,1056,30,221,0),(1811,1109,30,219,0),(1812,746,30,221,0),(1813,122,30,217,0),(1814,1193,30,220,0),(1815,1066,30,219,0),(1816,266,30,219,0),(1817,382,61,712,0),(1818,1979,61,712,0),(1819,2029,61,711,0),(1820,1287,61,712,0),(1821,234,61,710,0),(1822,90,61,711,0),(1823,1105,61,712,0),(1824,430,61,710,0),(1825,2975,61,711,0),(1826,6,61,714,0),(1827,276,61,709,0),(1828,1031,61,712,0),(1829,1792,61,710,0),(1830,810,61,712,0),(1831,238,61,714,0),(1832,3073,61,713,0),(1833,3496,61,711,0),(1834,228,61,711,0),(1835,3052,61,710,0),(1836,72,61,711,0),(1837,143,61,711,0),(1838,1063,61,710,0),(1839,662,61,710,0),(1840,895,61,709,0),(1841,2199,61,712,0),(1842,2,61,709,0),(1843,2171,61,711,0),(1844,428,61,710,0),(1845,1627,61,709,0),(1846,1639,61,710,0),(1847,2525,61,714,0),(1848,474,61,711,0),(1849,548,61,713,0),(1850,120,61,713,0),(1851,1535,61,710,0),(1852,155,61,714,0),(1853,1654,61,709,0),(1854,1422,61,713,0),(1855,85,61,711,0),(1856,695,61,711,0),(1857,3069,61,710,0),(1858,2885,61,711,0),(1859,1115,61,713,0),(1860,527,61,714,0),(1861,623,61,713,0),(1862,3627,61,711,0),(1863,1762,107,633,0),(1864,2808,107,636,0),(1865,3343,107,636,0),(1866,516,107,634,0),(1867,830,107,634,0),(1868,905,107,636,0),(1869,1325,107,633,0),(1870,2042,107,634,0),(1871,2915,107,635,0),(1872,3422,107,632,0),(1873,2921,107,636,0),(1874,1913,107,636,0),(1875,1773,107,632,0),(1876,2850,107,634,0),(1877,3166,107,634,0),(1878,2264,107,631,0),(1879,327,107,635,0),(1880,2079,107,634,0),(1881,2711,107,631,0),(1882,1960,107,632,0),(1883,1784,107,636,0),(1884,2536,107,634,0),(1885,1206,51,568,0),(1886,388,51,569,0),(1887,1420,51,566,0),(1888,2932,88,115,0),(1889,2186,88,119,0),(1890,3433,88,118,0),(1891,74,12,202,0),(1892,1022,12,203,0),(1893,1939,12,204,0),(1894,3200,12,204,0),(1895,1495,12,204,0),(1896,556,12,202,0),(1897,1899,12,202,0),(1898,1702,12,202,0),(1899,1056,12,204,0),(1900,1109,12,203,0),(1901,1433,12,202,0),(1902,746,12,200,0),(1903,122,12,199,0),(1904,1193,12,200,0),(1905,1066,12,201,0),(1906,266,12,202,0),(1907,2443,59,306,0),(1908,2212,59,302,0),(1909,675,59,306,0),(1910,1417,59,301,0),(1911,2251,59,303,0),(1912,772,59,301,0),(1913,2802,59,305,0),(1914,1690,59,303,0),(1915,448,59,306,0),(1916,2463,59,301,0),(1917,487,59,301,0),(1918,622,59,305,0),(1919,477,59,303,0),(1920,1866,59,304,0),(1921,123,59,306,0),(1922,1339,59,303,0),(1923,2607,59,303,0),(1924,812,59,306,0),(1925,3247,59,302,0),(1926,3344,59,303,0),(1927,102,59,304,0),(1928,60,59,304,0),(1929,3117,59,302,0),(1930,1374,59,306,0),(1931,501,59,302,0),(1932,398,59,302,0),(1933,1063,59,303,0),(1934,1020,59,303,0),(1935,2269,59,304,0),(1936,2938,59,302,0),(1937,3558,59,305,0),(1938,3473,59,301,0),(1939,1305,59,301,0),(1940,3288,59,306,0),(1941,3043,59,306,0),(1942,800,59,303,0),(1943,1271,59,303,0),(1944,2361,59,303,0),(1945,2143,59,303,0),(1946,2402,59,304,0),(1947,1989,59,303,0),(1948,2080,59,306,0),(1949,2994,59,306,0),(1950,2183,59,304,0),(1951,2699,59,304,0),(1952,1356,59,302,0),(1953,1359,59,305,0),(1954,3451,59,301,0),(1955,630,59,305,0),(1956,3251,59,304,0),(1957,237,59,305,0),(1958,2468,59,304,0),(1959,1652,59,306,0),(1960,2540,59,306,0),(1961,14,59,301,0),(1962,272,59,306,0),(1963,1678,59,304,0),(1964,2504,59,302,0),(1965,513,59,304,0),(1966,1333,59,302,0),(1967,1171,59,302,0),(1968,1129,59,304,0),(1969,950,59,301,0),(1970,2961,59,301,0),(1971,648,59,303,0),(1972,510,59,305,0),(1973,2807,59,304,0),(1974,2784,59,303,0),(1975,3755,59,301,0),(1976,2440,59,302,0),(1977,2097,59,303,0),(1978,2928,59,305,0),(1979,2089,59,301,0),(1980,1976,59,301,0),(1981,2912,59,306,0),(1982,1362,59,301,0),(1983,1918,59,302,0),(1984,3164,59,301,0),(1985,941,59,301,0),(1986,3648,59,304,0),(1987,2325,59,302,0),(1988,1993,59,304,0),(1989,29,59,305,0),(1990,491,59,302,0),(1991,141,59,303,0),(1992,2871,59,303,0),(1993,608,59,306,0),(1994,2937,59,303,0),(1995,3514,59,305,0),(1996,46,59,305,0),(1997,562,59,302,0),(1998,2881,59,303,0),(1999,262,59,303,0),(2000,869,59,303,0),(2001,3728,59,302,0),(2002,154,59,306,0),(2003,3095,59,302,0),(2004,3337,59,304,0),(2005,3181,59,301,0),(2006,2381,59,304,0),(2007,15,59,301,0),(2008,2232,59,301,0),(2009,1747,59,301,0),(2010,2477,59,305,0),(2011,2558,59,305,0),(2012,2340,59,301,0),(2013,1870,59,301,0),(2014,2810,59,305,0),(2015,2230,59,302,0),(2016,1328,59,301,0),(2017,3086,59,303,0),(2018,2707,59,304,0),(2019,2387,59,305,0),(2020,2106,59,302,0),(2021,1560,59,301,0),(2022,1970,59,305,0),(2023,1278,59,303,0),(2024,441,59,303,0),(2025,843,59,306,0),(2026,1564,59,304,0),(2027,3400,59,306,0),(2028,120,59,302,0),(2029,396,59,303,0),(2030,312,59,306,0),(2031,429,59,301,0),(2032,24,59,303,0),(2033,2757,59,303,0),(2034,1175,59,305,0),(2035,1133,59,306,0),(2036,3454,59,302,0),(2037,471,59,303,0),(2038,1778,59,301,0),(2039,720,59,306,0),(2040,1660,59,303,0),(2041,1155,59,306,0),(2042,1288,59,306,0),(2043,10,59,305,0),(2044,3539,59,304,0),(2045,1114,59,306,0),(2046,169,59,306,0),(2047,467,59,303,0),(2048,2781,59,302,0),(2049,3237,59,302,0),(2050,2072,59,304,0),(2051,3327,59,302,0),(2052,1509,59,306,0),(2053,1782,59,301,0),(2054,638,59,302,0),(2055,906,59,302,0),(2056,838,59,306,0),(2057,2742,59,305,0),(2058,1963,59,302,0),(2059,777,59,306,0),(2060,2681,59,301,0),(2061,140,59,306,0),(2062,302,59,304,0),(2063,3532,59,306,0),(2064,1297,59,303,0),(2065,3735,59,305,0),(2066,1418,59,304,0),(2067,2719,59,304,0),(2068,2750,59,306,0),(2069,208,59,302,0),(2070,2751,59,303,0),(2071,3075,59,306,0),(2072,3256,59,304,0),(2073,3668,59,306,0),(2074,1701,59,302,0),(2075,252,59,304,0),(2076,689,59,306,0),(2077,1914,98,10,0),(2078,2247,98,12,0),(2079,2969,98,10,0),(2080,136,98,11,0),(2081,144,98,8,0),(2082,1308,98,8,0),(2083,1285,98,11,0),(2084,3135,98,10,0),(2085,599,98,9,0),(2086,2366,98,11,0),(2087,1561,98,9,0),(2088,147,98,7,0),(2089,1536,98,12,0),(2090,306,98,11,0),(2091,343,95,406,0),(2092,814,95,403,0),(2093,8,95,405,0),(2094,2063,95,404,0),(2095,2657,95,405,0),(2096,3722,95,407,0),(2097,2809,95,408,0),(2098,2393,95,408,0),(2099,440,95,403,0),(2100,1983,95,406,0),(2101,3007,95,405,0),(2102,960,95,407,0),(2103,3569,95,408,0),(2104,1208,95,407,0),(2105,2776,95,406,0),(2106,3604,95,406,0),(2107,2469,95,407,0),(2108,2730,95,408,0),(2109,3317,95,408,0),(2110,1655,95,407,0),(2111,339,95,407,0),(2112,337,95,405,0),(2113,1724,95,404,0),(2114,1064,95,407,0),(2115,138,95,403,0),(2116,891,95,408,0),(2117,1222,95,405,0),(2118,382,53,703,0),(2119,1979,53,707,0),(2120,2029,53,706,0),(2121,1287,53,703,0),(2122,234,53,706,0),(2123,90,53,705,0),(2124,1105,53,708,0),(2125,430,53,706,0),(2126,2975,53,703,0),(2127,6,53,703,0),(2128,276,53,704,0),(2129,1031,53,707,0),(2130,1792,53,708,0),(2131,810,53,707,0),(2132,238,53,707,0),(2133,3073,53,704,0),(2134,3496,53,707,0),(2135,228,53,705,0),(2136,3052,53,707,0),(2137,72,53,705,0),(2138,143,53,708,0),(2139,1063,53,708,0),(2140,662,53,707,0),(2141,895,53,706,0),(2142,2199,53,705,0),(2143,2,53,707,0),(2144,2171,53,703,0),(2145,428,53,706,0),(2146,1627,53,704,0),(2147,1639,53,704,0),(2148,2525,53,705,0),(2149,474,53,705,0),(2150,548,53,705,0),(2151,120,53,705,0),(2152,1535,53,707,0),(2153,155,53,707,0),(2154,1654,53,703,0),(2155,1422,53,703,0),(2156,85,53,706,0),(2157,695,53,704,0),(2158,3069,53,706,0),(2159,2885,53,704,0),(2160,1115,53,706,0),(2161,527,53,707,0),(2162,623,53,705,0),(2163,3627,53,703,0),(2164,3085,40,684,0),(2165,1770,40,681,0),(2166,825,40,679,0),(2167,2935,40,679,0),(2168,1674,40,683,0),(2169,1178,40,679,0),(2170,2852,40,683,0),(2171,1618,40,682,0),(2172,1207,40,679,0),(2173,2503,40,679,0),(2174,620,40,679,0),(2175,225,40,679,0),(2176,1770,2,452,0),(2177,1042,2,453,0),(2178,703,2,454,0),(2179,833,2,455,0),(2180,3176,118,690,0),(2181,3236,118,686,0),(2182,1736,118,687,0),(2183,1182,118,686,0),(2184,2035,118,687,0),(2185,1913,117,419,0),(2186,2299,117,418,0),(2187,1808,117,418,0),(2188,542,117,419,0),(2189,3010,117,420,0),(2190,1067,117,420,0),(2191,2679,117,419,0),(2192,2828,117,419,0),(2193,2978,117,419,0),(2194,1570,117,416,0),(2195,2521,117,416,0),(2196,739,117,420,0),(2197,1345,117,419,0),(2198,49,117,419,0),(2199,2568,117,416,0),(2200,3753,117,418,0),(2201,3197,117,416,0),(2202,1074,117,417,0),(2203,3342,117,415,0),(2204,388,117,420,0),(2205,1968,117,418,0),(2206,1201,117,415,0),(2207,266,117,419,0),(2208,1151,117,419,0),(2209,3087,117,416,0),(2210,3119,117,420,0),(2211,74,55,239,0),(2212,1022,55,235,0),(2213,1939,55,237,0),(2214,1899,55,236,0),(2215,1702,55,239,0),(2216,1056,55,236,0),(2217,1109,55,236,0),(2218,746,55,235,0),(2219,122,55,238,0),(2220,1193,55,237,0),(2221,1066,55,239,0),(2222,266,55,240,0),(2223,2274,8,128,0),(2224,538,8,127,0),(2225,1591,8,127,0),(2226,234,8,130,0),(2227,2405,8,129,0),(2228,198,8,127,0),(2229,2307,32,442,0),(2230,1911,32,443,0),(2231,1822,32,440,0),(2232,1711,32,442,0),(2233,2343,32,439,0),(2234,3316,32,440,0),(2235,1317,32,442,0),(2236,836,32,441,0),(2237,789,32,443,0),(2238,1339,32,444,0),(2239,2946,32,439,0),(2240,401,32,440,0),(2241,1315,32,442,0),(2242,309,32,443,0),(2243,1361,32,444,0),(2244,782,32,443,0),(2245,635,32,439,0),(2246,1765,32,444,0),(2247,1077,32,440,0),(2248,1398,32,443,0),(2249,683,32,440,0),(2250,2995,32,439,0),(2251,1224,32,443,0),(2252,2274,32,439,0),(2253,2966,32,439,0),(2254,937,32,443,0),(2255,2531,32,440,0),(2256,2476,32,441,0),(2257,2534,32,439,0),(2258,65,32,440,0),(2259,1779,32,443,0),(2260,1598,32,440,0),(2261,2211,32,443,0),(2262,1742,32,439,0),(2263,379,32,441,0),(2264,289,32,441,0),(2265,2382,32,441,0),(2266,821,32,440,0),(2267,2862,32,441,0),(2268,1527,32,443,0),(2269,3395,32,444,0),(2270,2401,32,440,0),(2271,2564,32,441,0),(2272,3202,32,440,0),(2273,2179,32,444,0),(2274,2448,32,440,0),(2275,812,32,442,0),(2276,2106,32,442,0),(2277,501,32,439,0),(2278,550,32,442,0),(2279,412,32,441,0),(2280,1180,32,441,0),(2281,1741,32,440,0),(2282,111,32,444,0),(2283,285,32,439,0),(2284,2149,32,443,0),(2285,295,32,440,0),(2286,2329,32,443,0),(2287,101,32,440,0),(2288,48,32,439,0),(2289,648,32,439,0),(2290,3516,32,444,0),(2291,1554,32,440,0),(2292,514,32,441,0),(2293,2112,32,443,0),(2294,2248,32,440,0),(2295,2081,32,442,0),(2296,1754,32,443,0),(2297,3559,32,439,0),(2298,2930,32,441,0),(2299,3161,32,441,0),(2300,1374,32,442,0),(2301,771,32,441,0),(2302,2378,32,444,0),(2303,3117,32,439,0),(2304,2017,32,444,0),(2305,326,32,443,0),(2306,941,32,439,0),(2307,1812,32,440,0),(2308,1043,32,444,0),(2309,2752,32,439,0),(2310,383,32,441,0),(2311,1669,32,442,0),(2312,1326,32,442,0),(2313,848,32,439,0),(2314,30,32,443,0),(2315,2972,32,444,0),(2316,2446,32,440,0),(2317,1952,32,444,0),(2318,3130,32,441,0),(2319,2424,32,441,0),(2320,576,32,444,0),(2321,3680,32,443,0),(2322,843,32,439,0),(2323,2951,32,444,0),(2324,1565,32,443,0),(2325,81,32,444,0),(2326,1564,32,444,0),(2327,1349,32,444,0),(2328,3286,32,441,0),(2329,1980,32,440,0),(2330,1015,32,443,0),(2331,1295,32,439,0),(2332,425,32,443,0),(2333,1329,32,440,0),(2334,2144,32,439,0),(2335,339,32,439,0),(2336,1704,32,442,0),(2337,558,32,442,0),(2338,804,67,504,0),(2339,1,31,87,0),(2340,359,31,87,0),(2341,456,31,85,0),(2342,1047,31,87,0),(2343,1576,31,90,0),(2344,930,31,87,0),(2345,508,31,90,0),(2346,1498,31,90,0),(2347,3023,31,88,0),(2348,1774,31,88,0),(2349,2968,31,89,0),(2350,225,31,88,0),(2351,702,31,90,0),(2352,835,31,88,0),(2353,213,31,90,0),(2354,3694,31,89,0),(2355,784,31,87,0),(2356,1260,31,89,0),(2357,620,31,86,0),(2358,2962,31,87,0),(2359,1574,31,87,0),(2360,2454,31,90,0),(2361,1110,77,613,0),(2362,221,77,618,0),(2363,95,77,613,0),(2364,3287,77,617,0),(2365,2933,77,615,0),(2366,1259,77,617,0),(2367,2473,77,613,0),(2368,1778,77,614,0),(2369,720,77,615,0),(2370,42,77,616,0),(2371,1859,77,615,0),(2372,888,77,614,0),(2373,291,77,615,0),(2374,1360,77,613,0),(2375,4,77,618,0),(2376,2527,77,614,0),(2377,2161,77,617,0),(2378,967,77,614,0),(2379,1930,77,618,0),(2380,1079,77,613,0),(2381,399,77,614,0),(2382,1275,77,614,0),(2383,532,77,616,0),(2384,1632,77,614,0),(2385,1974,77,616,0),(2386,959,77,614,0),(2387,1081,77,613,0),(2388,234,77,613,0),(2389,2102,77,616,0),(2390,1154,77,614,0),(2391,283,77,616,0),(2392,759,77,613,0),(2393,2274,77,615,0),(2394,110,77,614,0),(2395,317,77,613,0),(2396,1296,82,421,0),(2397,938,82,421,0),(2398,1959,82,426,0),(2399,3374,82,425,0),(2400,2345,82,423,0),(2401,1034,82,421,0),(2402,1611,82,421,0),(2403,202,82,423,0),(2404,3013,82,422,0),(2405,598,82,425,0),(2406,2420,82,425,0),(2407,972,82,423,0),(2408,3111,82,424,0),(2409,268,82,426,0),(2410,1622,82,421,0),(2411,2708,82,423,0),(2412,2768,82,425,0),(2413,3441,82,423,0),(2414,284,82,421,0),(2415,1040,82,421,0),(2416,590,82,425,0),(2417,2551,82,422,0),(2418,370,82,426,0),(2419,310,82,424,0),(2420,2162,82,423,0),(2421,2217,82,423,0),(2422,3684,82,422,0),(2423,2909,82,423,0),(2424,1757,82,421,0),(2425,341,82,421,0),(2426,371,82,425,0),(2427,504,82,426,0),(2428,2010,82,422,0),(2429,629,82,425,0),(2430,403,82,421,0),(2431,3213,82,422,0),(2432,1529,82,425,0),(2433,1049,82,425,0),(2434,1982,82,422,0),(2435,1003,82,426,0),(2436,2152,82,426,0),(2437,762,82,426,0),(2438,2904,82,423,0),(2439,748,82,425,0),(2440,2637,82,421,0),(2441,1194,82,425,0),(2442,139,82,421,0),(2443,1546,82,425,0),(2444,934,82,422,0),(2445,3019,82,421,0),(2446,2974,82,423,0),(2447,2736,82,423,0),(2448,442,71,358,0),(2449,217,71,358,0),(2450,155,71,359,0),(2451,141,71,355,0),(2452,1043,71,358,0),(2453,1629,71,358,0),(2454,769,71,357,0),(2455,2213,71,359,0),(2456,1045,71,360,0),(2457,1329,71,358,0),(2458,1083,71,356,0),(2459,606,71,357,0),(2460,266,75,588,0),(2461,74,7,196,0),(2462,1022,7,196,0),(2463,1939,7,193,0),(2464,1899,7,196,0),(2465,1702,7,195,0),(2466,1056,7,193,0),(2467,1109,7,197,0),(2468,1433,7,198,0),(2469,746,7,195,0),(2470,122,7,193,0),(2471,1193,7,193,0),(2472,1066,7,194,0),(2473,266,7,198,0),(2474,1168,37,555,0),(2475,1118,37,556,0),(2476,1203,37,558,0),(2477,1879,37,555,0),(2478,2129,37,553,0),(2479,2328,37,553,0),(2480,69,37,554,0),(2481,437,37,556,0),(2482,998,37,553,0),(2483,128,37,556,0),(2484,686,37,555,0),(2485,2221,37,556,0),(2486,2145,37,558,0),(2487,851,37,554,0),(2488,350,37,554,0),(2489,565,37,558,0),(2490,654,37,557,0),(2491,1370,37,555,0),(2492,628,37,554,0),(2493,197,37,553,0),(2494,1253,37,553,0),(2495,1198,37,554,0),(2496,339,37,554,0),(2497,677,37,553,0),(2498,1054,37,558,0),(2499,1051,37,553,0),(2500,100,37,554,0),(2501,2950,37,555,0),(2502,2880,37,556,0),(2503,1975,37,557,0),(2504,1066,37,558,0),(2505,266,37,553,0),(2506,388,37,555,0),(2507,2883,37,554,0),(2508,1420,37,558,0),(2509,1531,16,524,0),(2510,3650,16,525,0),(2511,3036,16,523,0),(2512,201,16,527,0),(2513,1500,16,525,0),(2514,1075,16,525,0),(2515,122,16,523,0),(2516,2818,16,528,0),(2517,746,16,528,0),(2518,1277,16,523,0),(2519,1571,16,528,0),(2520,278,16,526,0),(2521,3733,16,528,0),(2522,179,16,524,0),(2523,3701,16,524,0),(2524,457,16,525,0),(2525,3580,16,523,0),(2526,984,16,528,0),(2527,1371,16,523,0),(2528,129,16,527,0),(2529,156,16,528,0),(2530,2008,16,523,0),(2531,3732,16,526,0),(2532,1043,16,527,0),(2533,318,16,527,0),(2534,1143,16,523,0),(2535,1761,16,527,0),(2536,807,16,524,0),(2537,26,16,526,0),(2538,240,16,524,0),(2539,3289,16,524,0),(2540,3297,16,527,0),(2541,505,16,525,0),(2542,512,16,525,0),(2543,912,16,523,0),(2544,2009,16,526,0),(2545,858,16,528,0),(2546,2160,16,526,0),(2547,3423,16,523,0),(2548,1383,16,523,0),(2549,1183,16,528,0),(2550,964,16,525,0),(2551,1612,16,525,0),(2552,1775,16,527,0),(2553,2788,72,347,0),(2554,634,72,343,0),(2555,339,72,348,0),(2556,677,72,347,0),(2557,2552,72,345,0),(2558,1537,72,348,0),(2559,232,72,348,0),(2560,2954,72,347,0),(2561,434,72,348,0),(2562,957,72,344,0),(2563,478,72,345,0),(2564,470,72,347,0),(2565,2428,72,346,0),(2566,44,72,345,0),(2567,1997,72,344,0),(2568,2835,72,345,0),(2569,1585,72,345,0),(2570,958,72,345,0),(2571,1900,72,346,0),(2572,188,72,345,0),(2573,3182,72,348,0),(2574,2765,72,343,0),(2575,465,72,343,0),(2576,2688,72,345,0),(2577,1488,72,347,0),(2578,882,72,346,0),(2579,612,72,343,0),(2580,2712,72,348,0),(2581,519,72,348,0),(2582,1406,72,346,0),(2583,2649,72,348,0),(2584,2235,72,343,0),(2585,2404,72,347,0),(2586,1621,72,343,0),(2587,2288,72,343,0),(2588,1210,72,346,0),(2589,1286,72,347,0),(2590,2672,60,498,0),(2591,1343,60,497,0),(2592,2993,60,494,0),(2593,2250,60,495,0),(2594,1828,60,496,0),(2595,2788,27,186,0),(2596,634,27,184,0),(2597,339,27,184,0),(2598,677,27,185,0),(2599,2552,27,183,0),(2600,1537,27,185,0),(2601,232,27,181,0),(2602,2954,27,186,0),(2603,434,27,181,0),(2604,957,27,181,0),(2605,478,27,182,0),(2606,470,27,183,0),(2607,44,27,181,0),(2608,1997,27,183,0),(2609,2835,27,184,0),(2610,1585,27,182,0),(2611,958,27,186,0),(2612,3182,27,181,0),(2613,2765,27,181,0),(2614,465,27,184,0),(2615,2688,27,184,0),(2616,882,27,182,0),(2617,612,27,182,0),(2618,1488,27,181,0),(2619,2712,27,182,0),(2620,519,27,181,0),(2621,1406,27,182,0),(2622,2649,27,185,0),(2623,2235,27,182,0),(2624,2404,27,182,0),(2625,1621,27,184,0),(2626,2288,27,184,0),(2627,1210,27,186,0),(2628,1286,27,185,0),(2629,2574,4,84,0),(2630,3622,4,79,0),(2631,3526,4,83,0),(2632,672,4,83,0),(2633,922,4,81,0),(2634,1304,4,82,0),(2635,92,4,80,0),(2636,3568,4,84,0),(2637,248,4,80,0),(2638,3347,69,447,0),(2639,105,69,447,0),(2640,623,69,449,0),(2641,2774,69,448,0),(2642,3545,69,448,0),(2643,2208,69,446,0),(2644,920,69,447,0),(2645,1287,69,448,0),(2646,1619,69,450,0),(2647,2265,69,449,0),(2648,974,69,448,0),(2649,1518,69,448,0),(2650,687,69,448,0),(2651,1013,69,447,0),(2652,1284,69,445,0),(2653,2801,69,449,0),(2654,1872,69,449,0),(2655,2892,69,446,0),(2656,2591,69,448,0),(2657,551,69,445,0),(2658,2997,69,448,0),(2659,3080,69,448,0),(2660,546,69,446,0),(2661,1654,69,450,0),(2662,759,69,445,0),(2663,3024,69,450,0),(2664,1375,69,448,0),(2665,1017,69,445,0),(2666,1405,69,450,0),(2667,1402,119,3,0),(2668,78,119,6,0),(2669,3368,119,2,0),(2670,528,119,6,0),(2671,3030,119,5,0),(2672,1450,119,2,0),(2673,1776,119,2,0),(2674,38,119,2,0),(2675,1273,119,1,0),(2676,2722,119,2,0),(2677,74,14,208,0),(2678,1022,14,206,0),(2679,1939,14,210,0),(2680,1899,14,210,0),(2681,1702,14,207,0),(2682,1056,14,209,0),(2683,1109,14,206,0),(2684,1433,14,209,0),(2685,746,14,210,0),(2686,122,14,205,0),(2687,1193,14,209,0),(2688,1066,14,209,0),(2689,266,14,210,0),(2690,836,24,75,0),(2691,1317,24,78,0),(2692,1347,24,75,0),(2693,873,24,74,0),(2694,1417,24,73,0),(2695,2020,24,75,0),(2696,850,24,73,0),(2697,2634,24,76,0),(2698,3268,24,75,0),(2699,3057,24,78,0),(2700,3192,24,77,0),(2701,2537,24,77,0),(2702,1339,24,76,0),(2703,1911,24,75,0),(2704,923,24,78,0),(2705,1085,24,77,0),(2706,2924,24,76,0),(2707,2533,24,73,0),(2708,3531,24,73,0),(2709,1704,24,73,0),(2710,642,24,78,0),(2711,677,24,75,0),(2712,1833,24,78,0),(2713,1023,24,78,0),(2714,872,24,77,0),(2715,1706,24,74,0),(2716,1524,24,73,0),(2717,690,24,75,0),(2718,1793,24,75,0),(2719,1376,24,75,0),(2720,2798,24,75,0),(2721,2549,24,76,0),(2722,1274,24,76,0),(2723,2488,24,76,0),(2724,646,24,75,0),(2725,2771,24,75,0),(2726,2905,24,73,0),(2727,2096,24,76,0),(2728,1547,24,73,0),(2729,3025,24,74,0),(2730,1191,24,75,0),(2731,1478,24,75,0),(2732,157,24,73,0),(2733,3475,24,78,0),(2734,3035,24,77,0),(2735,2336,24,74,0),(2736,484,24,76,0),(2737,183,24,78,0),(2738,1634,24,78,0),(2739,231,24,73,0),(2740,683,24,78,0),(2741,1398,24,73,0),(2742,3523,24,76,0),(2743,3562,24,78,0),(2744,2298,24,78,0),(2745,887,24,75,0),(2746,2595,24,74,0),(2747,163,24,75,0),(2748,1924,24,76,0),(2749,3011,24,78,0),(2750,1838,24,76,0),(2751,2313,24,76,0),(2752,165,24,74,0),(2753,2085,24,76,0),(2754,1189,24,76,0),(2755,834,24,74,0),(2756,2344,24,76,0),(2757,2670,24,75,0),(2758,765,24,73,0),(2759,1043,24,74,0),(2760,1964,24,75,0),(2761,2724,24,76,0),(2762,848,24,74,0),(2763,477,24,77,0),(2764,1802,24,77,0),(2765,941,24,73,0),(2766,3098,24,74,0),(2767,3291,24,77,0),(2768,1710,24,74,0),(2769,177,24,76,0),(2770,169,24,75,0),(2771,3387,24,77,0),(2772,1484,24,76,0),(2773,657,24,75,0),(2774,1141,24,77,0),(2775,1331,24,74,0),(2776,1021,24,73,0),(2777,267,24,75,0),(2778,879,24,73,0),(2779,1662,24,74,0),(2780,740,24,74,0),(2781,534,24,74,0),(2782,2770,24,78,0),(2783,3186,24,75,0),(2784,432,24,75,0),(2785,3093,24,74,0),(2786,1759,24,75,0),(2787,2362,24,73,0),(2788,886,24,76,0),(2789,58,24,78,0),(2790,3060,24,76,0),(2791,1751,24,77,0),(2792,2072,24,75,0),(2793,1817,24,77,0),(2794,2216,24,78,0),(2795,2177,24,73,0),(2796,2519,24,76,0),(2797,426,24,73,0),(2798,363,24,78,0),(2799,751,24,74,0),(2800,553,24,75,0),(2801,1038,24,73,0),(2802,1094,24,76,0),(2803,1485,24,73,0),(2804,392,24,77,0),(2805,1543,24,74,0),(2806,964,24,73,0),(2807,1612,24,76,0),(2808,1819,24,73,0),(2809,3159,24,76,0),(2810,2955,24,78,0),(2811,116,24,74,0),(2812,1890,24,75,0),(2813,573,24,73,0),(2814,1203,24,76,0),(2815,3362,24,74,0),(2816,346,24,74,0),(2817,1063,101,289,0),(2818,1332,101,289,0),(2819,1823,101,292,0),(2820,1540,101,289,0),(2821,1721,101,292,0),(2822,1140,101,289,0),(2823,2394,101,292,0),(2824,764,101,293,0),(2825,2877,101,294,0),(2826,382,105,720,0),(2827,1979,105,720,0),(2828,2029,105,715,0),(2829,1287,105,717,0),(2830,234,105,715,0),(2831,90,105,718,0),(2832,1105,105,717,0),(2833,430,105,716,0),(2834,2975,105,715,0),(2835,6,105,718,0),(2836,276,105,719,0),(2837,1031,105,718,0),(2838,1792,105,719,0),(2839,810,105,716,0),(2840,238,105,715,0),(2841,3073,105,717,0),(2842,3496,105,717,0),(2843,228,105,719,0),(2844,3052,105,715,0),(2845,72,105,715,0),(2846,143,105,717,0),(2847,1063,105,720,0),(2848,662,105,719,0),(2849,895,105,716,0),(2850,2199,105,720,0),(2851,2,105,718,0),(2852,2171,105,715,0),(2853,428,105,719,0),(2854,1627,105,718,0),(2855,1639,105,717,0),(2856,2525,105,719,0),(2857,474,105,720,0),(2858,548,105,718,0),(2859,120,105,720,0),(2860,1535,105,719,0),(2861,155,105,720,0),(2862,1654,105,718,0),(2863,1422,105,715,0),(2864,85,105,720,0),(2865,695,105,720,0),(2866,3069,105,715,0),(2867,2885,105,720,0),(2868,1115,105,715,0),(2869,527,105,719,0),(2870,2893,105,715,0),(2871,1030,105,717,0),(2872,763,50,469,0),(2873,104,50,473,0),(2874,2041,50,473,0),(2875,1850,50,471,0),(2876,2286,50,470,0),(2877,3310,50,471,0),(2878,575,50,469,0),(2879,980,50,473,0),(2880,3501,50,472,0),(2881,619,50,474,0),(2882,99,50,473,0),(2883,2500,50,470,0),(2884,2178,50,472,0),(2885,1497,50,471,0),(2886,1147,50,470,0),(2887,2642,50,473,0),(2888,733,50,470,0),(2889,3731,50,472,0),(2890,1194,50,469,0),(2891,1609,50,474,0),(2892,500,50,471,0),(2893,1578,50,474,0),(2894,3468,50,471,0),(2895,889,50,474,0),(2896,1069,50,469,0),(2897,3411,50,471,0),(2898,2324,50,473,0),(2899,2832,50,472,0),(2900,948,50,472,0),(2901,300,50,473,0),(2902,2580,50,474,0),(2903,2439,50,471,0),(2904,1929,50,474,0),(2905,3560,50,473,0),(2906,1351,50,469,0),(2907,2981,50,474,0),(2908,1854,50,473,0),(2909,424,50,473,0),(2910,2084,38,656,0),(2911,1176,38,656,0),(2912,382,38,658,0),(2913,1979,38,659,0),(2914,2029,38,658,0),(2915,769,38,657,0),(2916,943,38,658,0),(2917,914,38,658,0),(2918,2364,38,656,0),(2919,468,38,656,0),(2920,2525,38,660,0),(2921,3634,38,659,0),(2922,459,38,657,0),(2923,36,38,658,0),(2924,2068,38,658,0),(2925,321,38,656,0),(2926,512,38,659,0),(2927,786,38,656,0),(2928,639,38,656,0),(2929,2602,38,655,0),(2930,1792,38,657,0),(2931,1068,38,656,0),(2932,1366,38,656,0),(2933,1582,38,655,0),(2934,3072,38,656,0),(2935,2351,38,655,0),(2936,1112,38,657,0),(2937,1967,38,659,0),(2938,2705,38,657,0),(2939,952,38,655,0),(2940,1606,38,658,0),(2941,2618,38,655,0),(2942,895,38,658,0),(2943,2322,38,657,0),(2944,482,38,658,0),(2945,2702,38,659,0),(2946,539,38,658,0),(2947,17,38,656,0),(2948,1188,38,657,0),(2949,1861,38,655,0),(2950,3741,38,657,0),(2951,2383,38,660,0),(2952,2073,38,658,0),(2953,824,38,657,0),(2954,240,38,659,0),(2955,1413,38,657,0),(2956,1043,38,659,0),(2957,281,38,657,0),(2958,1913,38,656,0),(2959,617,38,656,0),(2960,425,38,659,0),(2961,3244,38,659,0),(2962,2553,38,659,0),(2963,2830,38,659,0),(2964,1375,38,655,0),(2965,1948,38,656,0),(2966,652,38,656,0),(2967,1956,25,537,0),(2968,1803,25,539,0),(2969,2499,25,535,0),(2970,842,58,381,0),(2971,1008,58,379,0),(2972,2138,58,384,0),(2973,442,58,380,0),(2974,235,58,382,0),(2975,120,58,381,0),(2976,1327,58,384,0),(2977,288,58,382,0),(2978,687,58,383,0),(2979,562,58,380,0),(2980,1548,58,383,0),(2981,1247,58,382,0),(2982,1866,58,383,0),(2983,123,58,380,0),(2984,317,58,381,0),(2985,3574,58,381,0),(2986,829,58,380,0),(2987,1635,58,380,0),(2988,16,58,379,0),(2989,1244,58,379,0),(2990,1098,58,379,0),(2991,331,58,383,0),(2992,1316,58,384,0),(2993,863,58,380,0),(2994,729,58,381,0),(2995,936,58,381,0),(2996,1912,58,383,0),(2997,3553,58,381,0),(2998,2851,58,379,0),(2999,710,58,379,0),(3000,1756,58,382,0),(3001,444,58,381,0),(3002,425,58,381,0),(3003,581,58,380,0),(3004,790,58,382,0),(3005,3204,58,380,0),(3006,3032,58,384,0),(3007,3267,58,379,0),(3008,393,94,17,0),(3009,339,94,14,0),(3010,3528,94,18,0),(3011,1451,94,15,0),(3012,2868,94,15,0),(3013,1514,94,18,0),(3014,2835,94,15,0),(3015,2656,94,13,0),(3016,2663,94,15,0),(3017,3372,94,18,0),(3018,2250,94,13,0),(3019,1043,94,14,0),(3020,2241,94,17,0),(3021,2724,94,17,0),(3022,477,94,17,0),(3023,808,94,18,0),(3024,2409,94,13,0),(3025,2635,94,14,0),(3026,334,94,15,0),(3027,3031,42,162,0),(3028,688,42,157,0),(3029,2182,42,159,0),(3030,1454,42,159,0),(3031,3140,42,161,0),(3032,3428,42,160,0),(3033,2619,42,158,0),(3034,354,42,160,0),(3035,618,42,157,0),(3036,3192,42,160,0),(3037,2425,42,158,0),(3038,1185,42,159,0),(3039,3334,42,158,0),(3040,1704,42,161,0),(3041,642,42,160,0),(3042,677,42,160,0),(3043,1822,42,162,0),(3044,1711,42,160,0),(3045,243,42,158,0),(3046,597,42,157,0),(3047,2338,42,161,0),(3048,1106,42,161,0),(3049,1142,42,157,0),(3050,2579,42,162,0),(3051,1673,42,159,0),(3052,2292,42,159,0),(3053,1862,42,160,0),(3054,2991,42,162,0),(3055,1583,42,158,0),(3056,2260,42,158,0),(3057,1101,42,162,0),(3058,681,42,158,0),(3059,1642,42,157,0),(3060,3587,42,157,0),(3061,771,42,161,0),(3062,445,42,158,0),(3063,696,42,157,0),(3064,322,42,162,0),(3065,1091,42,162,0),(3066,880,42,162,0),(3067,2059,42,161,0),(3068,1326,42,160,0),(3069,149,42,157,0),(3070,185,42,160,0),(3071,1608,42,157,0),(3072,1804,42,160,0),(3073,1826,42,162,0),(3074,348,42,162,0),(3075,1588,42,159,0),(3076,887,42,161,0),(3077,1995,42,161,0),(3078,2545,42,161,0),(3079,2541,42,157,0),(3080,2575,42,158,0),(3081,3330,42,161,0),(3082,3294,42,158,0),(3083,1884,42,159,0),(3084,982,42,160,0),(3085,3168,42,161,0),(3086,1864,42,160,0),(3087,381,42,162,0),(3088,2504,42,159,0),(3089,1630,42,162,0),(3090,2648,42,160,0),(3091,1053,42,157,0),(3092,3393,42,159,0),(3093,2196,42,159,0),(3094,3228,42,162,0),(3095,2164,42,157,0),(3096,3626,42,162,0),(3097,1446,42,160,0),(3098,2674,42,159,0),(3099,39,42,160,0),(3100,2038,42,161,0),(3101,1218,42,160,0),(3102,2365,42,160,0),(3103,52,42,159,0),(3104,1888,42,162,0),(3105,1267,42,162,0),(3106,2617,42,158,0),(3107,2839,42,157,0),(3108,1243,42,157,0),(3109,1487,42,160,0),(3110,1856,42,161,0),(3111,2001,42,162,0),(3112,227,42,160,0),(3113,848,42,159,0),(3114,1728,42,157,0),(3115,1996,42,158,0),(3116,1043,42,160,0),(3117,863,42,159,0),(3118,644,42,159,0),(3119,2432,42,161,0),(3120,2021,42,162,0),(3121,3469,42,162,0),(3122,2724,42,162,0),(3123,1419,42,161,0),(3124,522,42,161,0),(3125,2929,42,162,0),(3126,3090,42,160,0),(3127,531,42,160,0),(3128,2606,42,157,0),(3129,941,42,157,0),(3130,3164,42,161,0),(3131,49,42,161,0),(3132,2424,42,159,0),(3133,898,42,161,0),(3134,120,42,162,0),(3135,1278,42,160,0),(3136,1564,42,160,0),(3137,89,42,157,0),(3138,36,42,162,0),(3139,1472,42,158,0),(3140,3540,42,159,0),(3141,2984,42,158,0),(3142,3616,42,157,0),(3143,2836,42,157,0),(3144,573,42,160,0),(3145,1794,42,158,0),(3146,2302,42,160,0),(3147,1511,42,162,0),(3148,753,42,161,0),(3149,593,42,157,0),(3150,1383,42,158,0),(3151,2056,42,157,0),(3152,2813,42,161,0),(3153,1782,42,158,0),(3154,624,42,162,0),(3155,169,42,157,0),(3156,2072,42,159,0),(3157,1141,42,159,0),(3158,1268,42,158,0),(3159,3201,42,159,0),(3160,2498,42,159,0),(3161,483,89,665,0),(3162,2030,89,662,0),(3163,2228,89,661,0),(3164,3413,89,666,0),(3165,2005,89,664,0),(3166,3169,89,661,0),(3167,475,89,665,0),(3168,2894,89,665,0),(3169,1311,89,663,0),(3170,2018,89,665,0),(3171,2687,89,662,0),(3172,563,89,665,0),(3173,2514,89,666,0),(3174,2279,89,665,0),(3175,2785,89,663,0),(3176,1822,89,664,0),(3177,2820,89,662,0),(3178,2443,89,663,0),(3179,1347,89,666,0),(3180,142,89,664,0),(3181,747,89,662,0),(3182,1417,89,666,0),(3183,1186,89,661,0),(3184,1727,89,665,0),(3185,2793,89,662,0),(3186,828,89,661,0),(3187,1734,89,664,0),(3188,2052,89,661,0),(3189,499,89,665,0),(3190,1249,89,664,0),(3191,2016,89,663,0),(3192,1211,89,664,0),(3193,2243,89,662,0),(3194,1413,89,665,0),(3195,3055,89,662,0),(3196,2103,89,665,0),(3197,3424,89,663,0),(3198,2544,89,664,0),(3199,272,89,665,0),(3200,501,89,663,0),(3201,2274,89,663,0),(3202,1107,89,662,0),(3203,1036,89,666,0),(3204,1377,89,666,0),(3205,880,89,661,0),(3206,63,89,662,0),(3207,3724,89,665,0),(3208,3171,89,661,0),(3209,1462,89,663,0),(3210,607,89,665,0),(3211,2095,89,663,0),(3212,1397,89,663,0),(3213,1043,89,662,0),(3214,574,89,663,0),(3215,141,89,665,0),(3216,2583,89,664,0),(3217,2724,89,663,0),(3218,2795,89,662,0),(3219,3232,89,662,0),(3220,2022,89,662,0),(3221,396,89,665,0),(3222,120,89,663,0),(3223,497,89,663,0),(3224,222,89,665,0),(3225,49,89,664,0),(3226,180,89,665,0),(3227,477,89,665,0),(3228,287,89,665,0),(3229,1474,89,666,0),(3230,1286,89,663,0),(3231,3614,89,665,0),(3232,3216,89,666,0),(3233,2396,89,666,0),(3234,1778,89,666,0),(3235,720,89,664,0),(3236,1155,89,661,0),(3237,42,89,663,0),(3238,1632,89,661,0),(3239,1050,89,663,0),(3240,3198,89,661,0),(3241,1338,89,665,0),(3242,1275,89,664,0),(3243,425,89,661,0),(3244,1955,89,663,0),(3245,790,89,666,0),(3246,2234,89,665,0),(3247,1168,68,581,0),(3248,1118,68,579,0),(3249,1203,68,579,0),(3250,1879,68,581,0),(3251,2129,68,581,0),(3252,2328,68,579,0),(3253,69,68,579,0),(3254,437,68,579,0),(3255,998,68,580,0),(3256,128,68,579,0),(3257,686,68,578,0),(3258,2221,68,580,0),(3259,2145,68,580,0),(3260,851,68,577,0),(3261,350,68,582,0),(3262,565,68,581,0),(3263,654,68,580,0),(3264,1370,68,577,0),(3265,628,68,577,0),(3266,1944,68,580,0),(3267,1253,68,579,0),(3268,1198,68,577,0),(3269,339,68,582,0),(3270,677,68,580,0),(3271,1054,68,580,0),(3272,916,68,578,0),(3273,1051,68,579,0),(3274,100,68,577,0),(3275,2950,68,578,0),(3276,2880,68,582,0),(3277,1975,68,579,0),(3278,1066,68,580,0),(3279,266,68,580,0),(3280,388,68,582,0),(3281,2883,68,581,0),(3282,1420,68,577,0),(3283,74,90,261,0),(3284,1022,90,259,0),(3285,1939,90,259,0),(3286,1899,90,263,0),(3287,1702,90,259,0),(3288,1056,90,263,0),(3289,1109,90,262,0),(3290,1433,90,259,0),(3291,746,90,264,0),(3292,122,90,264,0),(3293,1193,90,263,0),(3294,1066,90,263,0),(3295,266,90,260,0),(3296,74,93,276,0),(3297,1022,93,275,0),(3298,1939,93,271,0),(3299,1899,93,271,0),(3300,1702,93,275,0),(3301,1056,93,275,0),(3302,1109,93,273,0),(3303,1433,93,273,0),(3304,746,93,274,0),(3305,122,93,273,0),(3306,1193,93,274,0),(3307,1066,93,274,0),(3308,266,93,272,0),(3309,1158,51,569,0),(3310,1597,51,566,0),(3311,342,51,567,0),(3312,1322,44,319,0),(3313,3203,44,323,0),(3314,1872,44,319,0),(3315,2892,44,321,0),(3316,884,44,319,0),(3317,604,44,321,0),(3318,410,44,322,0),(3319,2403,44,322,0),(3320,257,44,320,0),(3321,596,44,324,0),(3322,1739,44,324,0),(3323,1858,44,324,0),(3324,544,44,320,0),(3325,1477,44,319,0),(3326,2762,44,321,0),(3327,2879,44,323,0),(3328,2231,44,319,0),(3329,2686,44,324,0),(3330,364,44,319,0),(3331,1463,44,319,0),(3332,963,44,324,0),(3333,2976,44,321,0),(3334,793,44,320,0),(3335,1103,44,323,0),(3336,158,44,322,0),(3337,1538,44,323,0),(3338,3042,44,321,0),(3339,801,44,320,0),(3340,1111,44,320,0),(3341,3122,44,319,0),(3342,2356,44,324,0),(3343,2863,44,322,0),(3344,2203,44,320,0),(3345,1584,44,321,0),(3346,1426,33,362,0),(3347,745,33,361,0),(3348,489,33,361,0),(3349,1468,33,364,0),(3350,2565,33,366,0),(3351,816,33,361,0),(3352,1965,33,365,0),(3353,2189,33,363,0),(3354,3351,33,364,0),(3355,867,33,364,0),(3356,711,33,362,0),(3357,2163,33,361,0),(3358,1780,33,361,0),(3359,353,33,365,0),(3360,27,33,365,0),(3361,3452,33,365,0),(3362,1556,33,364,0),(3363,1680,33,363,0),(3364,3382,33,361,0),(3365,892,33,363,0),(3366,1258,33,365,0),(3367,1280,33,363,0),(3368,3391,33,365,0),(3369,2271,33,365,0),(3370,1961,33,362,0),(3371,2065,33,363,0),(3372,865,33,365,0),(3373,2406,33,365,0),(3374,2532,33,364,0),(3375,2744,33,366,0),(3376,1697,33,364,0),(3377,2864,33,362,0),(3378,269,33,363,0),(3379,1131,33,366,0),(3380,2934,33,364,0),(3381,3127,33,363,0),(3382,1084,33,365,0),(3383,1173,33,362,0),(3384,1840,33,366,0),(3385,1448,33,364,0),(3386,3253,33,366,0),(3387,3442,33,364,0),(3388,1481,33,361,0),(3389,900,33,364,0),(3390,2058,33,366,0),(3391,2999,23,489,0),(3392,1981,23,492,0),(3393,2431,23,492,0),(3394,1503,23,489,0),(3395,571,23,488,0),(3396,143,23,489,0),(3397,2998,23,488,0),(3398,3645,23,491,0),(3399,2462,23,492,0),(3400,1269,23,489,0),(3401,2346,23,491,0),(3402,1086,23,488,0),(3403,3231,23,490,0),(3404,3082,23,491,0),(3405,2691,23,491,0),(3406,2940,23,492,0),(3407,2060,23,490,0),(3408,3270,23,492,0),(3409,35,23,490,0),(3410,883,23,489,0),(3411,297,23,487,0),(3412,3184,23,487,0),(3413,365,23,487,0),(3414,3245,23,488,0),(3415,138,23,492,0),(3416,1541,23,487,0),(3417,2675,23,489,0),(3418,921,23,487,0),(3419,3183,23,489,0),(3420,1628,23,489,0),(3421,2174,23,491,0),(3422,2919,23,490,0),(3423,3053,23,488,0),(3424,2064,23,491,0),(3425,1716,23,487,0),(3426,1165,23,487,0),(3427,3100,23,488,0),(3428,3364,23,490,0),(3429,152,23,491,0),(3430,1648,23,492,0),(3431,714,23,489,0),(3432,469,23,492,0),(3433,944,23,488,0),(3434,3525,23,488,0),(3435,1695,23,489,0),(3436,2908,23,491,0),(3437,570,23,491,0),(3438,86,23,488,0),(3439,2315,23,489,0),(3440,380,23,488,0),(3441,3088,23,491,0),(3442,218,23,492,0),(3443,1827,23,489,0),(3444,537,23,491,0),(3445,328,23,492,0),(3446,3180,23,488,0),(3447,481,23,490,0),(3448,1378,23,487,0),(3449,1875,23,489,0),(3450,2433,23,487,0),(3451,3224,23,490,0),(3452,3279,23,488,0),(3453,1603,23,491,0),(3454,2275,23,487,0),(3455,3487,23,490,0),(3456,1535,23,488,0),(3457,2113,23,487,0),(3458,2643,23,492,0),(3459,2689,23,490,0),(3460,199,23,487,0),(3461,2054,23,490,0),(3462,1085,23,489,0),(3463,3131,23,491,0),(3464,174,23,488,0),(3465,1548,23,490,0),(3466,1946,23,487,0),(3467,1407,23,490,0),(3468,3438,23,489,0),(3469,2108,23,487,0),(3470,761,23,487,0),(3471,3285,23,490,0),(3472,1698,23,490,0),(3473,2925,23,489,0),(3474,2287,23,490,0),(3475,1485,23,488,0),(3476,392,23,491,0),(3477,558,23,487,0),(3478,1141,23,492,0),(3479,169,23,488,0),(3480,947,23,487,0),(3481,1275,23,492,0),(3482,486,23,490,0),(3483,1848,23,489,0),(3484,734,23,490,0),(3485,1262,23,489,0),(3486,1782,23,491,0),(3487,1594,104,142,0),(3488,396,104,143,0),(3489,15,104,141,0),(3490,463,104,141,0),(3491,296,104,143,0),(3492,2767,104,142,0),(3493,1221,104,139,0),(3494,767,104,139,0),(3495,1589,104,140,0),(3496,1936,104,144,0),(3497,460,104,144,0),(3498,1236,104,140,0),(3499,1293,104,144,0),(3500,1643,104,143,0),(3501,235,104,144,0),(3502,2884,104,140,0),(3503,193,104,141,0),(3504,2414,104,139,0),(3505,645,104,142,0),(3506,3521,104,142,0),(3507,2086,104,144,0),(3508,324,104,143,0),(3509,2528,104,141,0),(3510,1590,104,144,0),(3511,318,104,139,0),(3512,1684,104,140,0),(3513,3612,104,141,0),(3514,3593,104,144,0),(3515,2844,104,142,0),(3516,2418,104,143,0),(3517,37,104,140,0),(3518,423,104,142,0),(3519,954,104,144,0),(3520,2436,104,139,0),(3521,1007,104,144,0),(3522,3605,104,143,0),(3523,2127,104,141,0),(3524,2100,104,139,0),(3525,983,104,144,0),(3526,1291,104,144,0),(3527,2672,104,141,0),(3528,439,104,140,0),(3529,1343,104,143,0),(3530,3234,104,142,0),(3531,2502,104,142,0),(3532,253,104,142,0),(3533,3229,104,141,0),(3534,535,104,140,0),(3535,2434,104,141,0),(3536,1732,104,144,0),(3537,3673,104,143,0),(3538,1493,104,141,0),(3539,2834,104,140,0),(3540,191,104,139,0),(3541,266,104,139,0),(3542,53,104,144,0),(3543,1968,104,141,0),(3544,1201,104,139,0),(3545,298,104,140,0),(3546,794,65,70,0),(3547,2360,65,67,0),(3548,2927,65,69,0),(3549,836,65,71,0),(3550,43,65,67,0),(3551,114,65,72,0),(3552,1324,65,69,0),(3553,1740,65,69,0),(3554,3064,65,67,0),(3555,1911,65,68,0),(3556,21,65,67,0),(3557,1071,65,72,0),(3558,3268,65,67,0),(3559,1339,65,72,0),(3560,2273,65,71,0),(3561,2924,65,67,0),(3562,2320,65,72,0),(3563,309,65,70,0),(3564,3704,65,69,0),(3565,907,65,72,0),(3566,1734,65,69,0),(3567,782,65,70,0),(3568,594,65,67,0),(3569,292,65,68,0),(3570,2155,65,67,0),(3571,498,65,67,0),(3572,874,65,67,0),(3573,333,65,67,0),(3574,3699,65,70,0),(3575,3001,65,69,0),(3576,1027,65,68,0),(3577,1617,65,69,0),(3578,924,65,70,0),(3579,2002,65,68,0),(3580,2435,65,72,0),(3581,2496,65,72,0),(3582,2899,65,68,0),(3583,2600,65,68,0),(3584,2760,65,69,0),(3585,545,65,71,0),(3586,3177,65,69,0),(3587,653,65,71,0),(3588,1357,65,68,0),(3589,421,65,72,0),(3590,1157,65,67,0),(3591,1906,65,70,0),(3592,420,65,72,0),(3593,683,65,70,0),(3594,1398,65,72,0),(3595,704,65,67,0),(3596,1700,65,72,0),(3597,2274,65,69,0),(3598,2049,65,72,0),(3599,2310,65,67,0),(3600,1231,65,72,0),(3601,1934,65,68,0),(3602,518,65,70,0),(3603,1988,65,71,0),(3604,1102,65,71,0),(3605,2316,65,68,0),(3606,3551,65,67,0),(3607,3597,65,69,0),(3608,1969,65,68,0),(3609,878,65,68,0),(3610,1502,65,72,0),(3611,1443,65,67,0),(3612,1673,65,67,0),(3613,1703,65,67,0),(3614,631,65,68,0),(3615,803,65,71,0),(3616,3582,65,71,0),(3617,3284,65,69,0),(3618,1149,65,72,0),(3619,901,65,68,0),(3620,479,65,67,0),(3621,452,65,71,0),(3622,1279,65,70,0),(3623,3657,65,68,0),(3624,1430,65,70,0),(3625,2188,65,67,0),(3626,239,65,68,0),(3627,3144,65,67,0),(3628,2504,65,69,0),(3629,1053,65,69,0),(3630,1333,65,67,0),(3631,1713,65,67,0),(3632,1580,65,68,0),(3633,2735,65,68,0),(3634,1951,65,69,0),(3635,837,65,69,0),(3636,2240,65,72,0),(3637,3305,65,71,0),(3638,3565,65,68,0),(3639,1723,65,70,0),(3640,272,65,69,0),(3641,1687,65,67,0),(3642,1087,65,71,0),(3643,3350,65,67,0),(3644,3638,65,72,0),(3645,2115,65,70,0),(3646,1836,65,67,0),(3647,1678,65,67,0),(3648,1444,65,72,0),(3649,2585,65,72,0),(3650,3097,65,67,0),(3651,2326,65,67,0),(3652,990,65,68,0),(3653,1797,65,70,0),(3654,902,65,71,0),(3655,3588,65,67,0),(3656,2197,65,68,0),(3657,1587,65,69,0),(3658,1401,65,70,0),(3659,3308,65,72,0),(3660,1453,65,69,0),(3661,3211,65,72,0),(3662,3179,65,71,0),(3663,1466,65,71,0),(3664,1683,65,70,0),(3665,670,65,67,0),(3666,648,65,70,0),(3667,1400,65,69,0),(3668,3703,65,72,0),(3669,1705,65,68,0),(3670,723,65,70,0),(3671,2226,65,72,0),(3672,2587,65,70,0),(3673,130,65,67,0),(3674,3165,65,68,0),(3675,2384,65,70,0),(3676,2461,65,69,0),(3677,644,65,69,0),(3678,2856,65,70,0),(3679,178,65,67,0),(3680,477,65,69,0),(3681,758,65,68,0),(3682,1211,65,70,0),(3683,36,65,67,0),(3684,875,65,68,0),(3685,81,65,72,0),(3686,49,65,67,0),(3687,2923,65,72,0),(3688,1349,65,70,0),(3689,3113,65,67,0),(3690,425,65,70,0),(3691,581,65,68,0),(3692,372,65,71,0),(3693,1015,65,72,0),(3694,3358,65,72,0),(3695,2695,78,410,0),(3696,3707,78,409,0),(3697,454,78,409,0),(3698,3386,78,409,0),(3699,2891,78,413,0),(3700,647,78,411,0),(3701,3381,78,412,0),(3702,3190,78,413,0),(3703,852,78,414,0),(3704,247,78,410,0),(3705,663,78,410,0),(3706,2530,78,412,0),(3707,973,78,413,0),(3708,3543,78,414,0),(3709,2337,78,413,0),(3710,357,78,414,0),(3711,2749,78,412,0),(3712,783,78,411,0),(3713,270,78,413,0),(3714,3029,78,412,0),(3715,2314,78,414,0),(3716,2104,78,411,0),(3717,1880,78,411,0),(3718,899,78,413,0),(3719,94,78,409,0),(3720,2900,78,414,0),(3721,2989,78,411,0),(3722,2594,78,413,0),(3723,1276,78,410,0),(3724,1886,78,409,0),(3725,453,78,412,0),(3726,864,78,410,0),(3727,117,78,410,0),(3728,3014,78,409,0),(3729,352,78,410,0),(3730,1435,78,412,0),(3731,908,78,411,0),(3732,1028,78,409,0),(3733,736,78,413,0),(3734,2571,78,411,0),(3735,1395,78,409,0),(3736,311,78,409,0),(3737,616,78,413,0),(3738,19,78,411,0),(3739,3412,78,410,0),(3740,2527,78,411,0),(3741,259,78,413,0),(3742,720,78,413,0),(3743,2201,78,413,0),(3744,471,78,412,0),(3745,1206,78,414,0),(3746,1248,78,414,0),(3747,1065,78,411,0),(3748,464,78,410,0),(3749,1186,78,413,0),(3750,2040,78,414,0),(3751,1055,78,413,0),(3752,54,78,411,0),(3753,1115,78,412,0),(3754,1992,78,412,0),(3755,2375,78,413,0),(3756,643,78,410,0),(3757,660,78,414,0),(3758,1974,29,428,0),(3759,419,29,432,0),(3760,945,29,427,0),(3761,2130,29,430,0),(3762,1681,29,430,0),(3763,2308,29,428,0),(3764,42,29,428,0),(3765,1859,29,428,0),(3766,888,29,427,0),(3767,1360,29,432,0),(3768,4,29,432,0),(3769,2045,29,429,0),(3770,1382,29,432,0),(3771,720,29,431,0),(3772,399,29,427,0),(3773,329,29,431,0),(3774,2419,29,428,0),(3775,164,29,430,0),(3776,1665,29,428,0),(3777,2257,29,431,0),(3778,2134,29,428,0),(3779,2168,29,427,0),(3780,1752,29,429,0),(3781,580,29,431,0),(3782,3215,29,432,0),(3783,1788,29,430,0),(3784,3590,29,430,0),(3785,3051,29,430,0),(3786,323,29,429,0),(3787,2442,29,430,0),(3788,203,29,428,0),(3789,3121,29,432,0),(3790,1354,29,429,0),(3791,2116,29,427,0),(3792,709,29,428,0),(3793,1646,29,428,0),(3794,1306,29,431,0),(3795,3429,29,428,0),(3796,831,29,430,0),(3797,471,29,429,0),(3798,3586,29,432,0),(3799,1162,29,430,0),(3800,2475,29,431,0),(3801,3742,29,428,0),(3802,1920,29,430,0),(3803,1026,29,430,0),(3804,2990,29,430,0),(3805,2125,29,428,0),(3806,799,29,428,0),(3807,1743,29,427,0),(3808,449,29,431,0),(3809,1796,29,430,0),(3810,2827,29,430,0),(3811,3033,29,432,0),(3812,3726,29,429,0),(3813,2205,29,430,0),(3814,1117,29,428,0),(3815,577,29,430,0),(3816,861,29,427,0),(3817,1403,29,430,0),(3818,561,29,432,0),(3819,787,29,430,0),(3820,904,29,431,0),(3821,961,29,427,0),(3822,977,29,429,0),(3823,124,29,428,0),(3824,915,29,430,0),(3825,2612,29,429,0),(3826,3290,29,427,0),(3827,3151,29,431,0),(3828,1781,29,429,0),(3829,84,29,429,0),(3830,2341,29,432,0),(3831,2815,29,430,0),(3832,722,29,430,0),(3833,2493,29,430,0),(3834,1490,29,428,0),(3835,3555,29,431,0),(3836,682,29,430,0),(3837,3502,29,432,0),(3838,1809,29,431,0),(3839,1785,29,429,0),(3840,3750,29,427,0),(3841,797,29,431,0),(3842,3109,29,429,0),(3843,18,29,427,0),(3844,425,29,427,0),(3845,400,29,431,0),(3846,595,29,427,0),(3847,2970,29,428,0),(3848,2408,29,429,0),(3849,1141,29,430,0),(3850,1331,29,431,0),(3851,1814,29,429,0),(3852,3578,29,429,0),(3853,74,64,244,0),(3854,1022,64,246,0),(3855,1939,64,246,0),(3856,1899,64,244,0),(3857,1702,64,244,0),(3858,1056,64,246,0),(3859,1109,64,244,0),(3860,1433,64,246,0),(3861,746,64,246,0),(3862,122,64,244,0),(3863,1193,64,246,0),(3864,1066,64,241,0),(3865,266,64,242,0),(3866,1164,6,390,0),(3867,3328,6,385,0),(3868,1990,6,389,0),(3869,47,6,387,0),(3870,1935,6,387,0),(3871,1772,6,387,0),(3872,671,6,385,0),(3873,2639,6,388,0),(3874,480,34,352,0),(3875,3158,34,352,0),(3876,2480,34,350,0),(3877,1415,34,349,0),(3878,2048,34,354,0),(3879,2368,34,354,0),(3880,2640,34,354,0),(3881,1390,34,353,0),(3882,1452,34,351,0),(3883,1619,34,354,0),(3884,2274,34,353,0),(3885,724,34,353,0),(3886,3250,34,352,0),(3887,798,34,350,0),(3888,2485,34,351,0),(3889,120,34,353,0),(3890,487,34,351,0),(3891,1564,34,354,0),(3892,1175,34,349,0),(3893,581,34,350,0),(3894,425,34,353,0),(3895,790,34,349,0),(3896,2947,34,349,0),(3897,2967,34,353,0),(3898,595,34,352,0),(3899,1295,34,352,0),(3900,304,34,349,0),(3901,791,34,354,0),(3902,1202,34,352,0),(3903,2955,34,353,0),(3904,116,34,350,0),(3905,697,34,349,0),(3906,3729,34,352,0),(3907,169,34,351,0),(3908,50,34,349,0),(3909,2859,34,353,0),(3910,989,34,349,0),(3911,3536,34,354,0),(3912,1387,34,354,0),(3913,926,34,352,0),(3914,3040,34,352,0),(3915,1877,34,354,0),(3916,3541,34,352,0),(3917,3524,34,353,0),(3918,2091,34,349,0),(3919,1033,34,350,0),(3920,1601,34,351,0),(3921,344,34,351,0),(3922,1375,34,354,0),(3923,553,34,353,0),(3924,2077,34,353,0),(3925,584,34,349,0),(3926,1632,34,352,0),(3927,1275,34,354,0),(3928,1721,34,352,0),(3929,2561,34,351,0),(3930,1579,34,354,0),(3931,3264,34,354,0),(3932,2462,34,350,0),(3933,384,34,350,0),(3934,1082,96,335,0),(3935,3074,96,331,0),(3936,1213,96,331,0),(3937,650,96,334,0),(3938,49,96,335,0),(3939,3407,96,334,0),(3940,1753,96,336,0),(3941,2429,96,336,0),(3942,373,96,331,0),(3943,610,96,335,0),(3944,1251,96,336,0),(3945,2318,96,333,0),(3946,168,96,336,0),(3947,273,96,333,0),(3948,2037,96,331,0),(3949,2581,96,332,0),(3950,1707,96,331,0),(3951,2956,96,332,0),(3952,1046,96,333,0),(3953,708,96,333,0),(3954,559,96,332,0),(3955,290,96,335,0),(3956,108,96,331,0),(3957,305,96,336,0),(3958,313,96,332,0),(3959,3751,96,336,0),(3960,3049,96,331,0),(3961,2627,96,335,0),(3962,951,96,332,0),(3963,1842,96,332,0),(3964,2011,96,333,0),(3965,2497,96,335,0),(3966,91,96,336,0),(3967,779,96,332,0),(3968,849,96,334,0),(3969,3331,96,332,0),(3970,815,96,335,0),(3971,965,96,336,0),(3972,2181,96,333,0),(3973,392,96,335,0),(3974,3153,96,331,0),(3975,1135,96,334,0),(3976,393,96,336,0),(3977,339,96,335,0),(3978,167,96,331,0),(3979,507,96,332,0),(3980,2665,96,334,0),(3981,1383,96,335,0),(3982,926,96,332,0),(3983,1805,96,336,0),(3984,600,96,334,0),(3985,1486,96,333,0),(3986,3416,96,336,0),(3987,3608,96,334,0),(3988,946,96,331,0),(3989,1122,96,331,0),(3990,2236,96,331,0),(3991,1612,96,333,0),(3992,964,96,331,0),(3993,558,96,332,0),(3994,3678,96,334,0),(3995,917,96,336,0),(3996,1200,96,334,0),(3997,74,85,258,0),(3998,1022,85,258,0),(3999,1939,85,253,0),(4000,1899,85,257,0),(4001,1702,85,255,0),(4002,1056,85,254,0),(4003,1109,85,253,0),(4004,1433,85,258,0),(4005,746,85,254,0),(4006,122,85,253,0),(4007,1193,85,254,0),(4008,1066,85,258,0),(4009,266,85,257,0),(4010,2662,10,147,0),(4011,2848,10,148,0),(4012,219,10,145,0),(4013,1640,10,145,0),(4014,1685,10,150,0),(4015,2376,10,146,0),(4016,1108,10,146,0),(4017,959,10,147,0),(4018,234,10,150,0),(4019,1081,10,149,0),(4020,1567,10,147,0),(4021,1469,10,146,0),(4022,632,10,147,0),(4023,642,10,148,0),(4024,339,10,145,0),(4025,1286,10,147,0),(4026,2577,10,149,0),(4027,266,10,150,0),(4028,3087,10,147,0),(4029,74,35,226,0),(4030,1022,35,228,0),(4031,1939,35,225,0),(4032,1899,35,224,0),(4033,1702,35,224,0),(4034,1056,35,228,0),(4035,1109,35,225,0),(4036,1433,35,225,0),(4037,746,35,224,0),(4038,122,35,223,0),(4039,1193,35,228,0),(4040,1066,35,227,0),(4041,266,35,223,0),(4042,1417,97,545,0),(4043,49,97,543,0),(4044,1085,97,545,0),(4045,699,97,546,0),(4046,2931,97,546,0),(4047,2212,97,542,0),(4048,818,97,544,0),(4049,675,97,543,0),(4050,1166,97,546,0),(4051,2295,97,545,0),(4052,2489,97,542,0),(4053,1431,97,545,0),(4054,3589,97,541,0),(4055,2694,97,542,0),(4056,1456,97,542,0),(4057,1911,97,545,0),(4058,1822,97,546,0),(4059,1711,97,545,0),(4060,715,97,546,0),(4061,1671,97,542,0),(4062,1347,97,545,0),(4063,1317,97,544,0),(4064,2098,97,542,0),(4065,992,97,545,0),(4066,2620,97,541,0),(4067,789,97,542,0),(4068,923,97,545,0),(4069,2455,97,544,0),(4070,3464,97,544,0),(4071,1841,97,543,0),(4072,1025,97,541,0),(4073,2789,97,541,0),(4074,2256,97,541,0),(4075,1617,97,541,0),(4076,3001,97,544,0),(4077,1027,97,541,0),(4078,1123,97,541,0),(4079,2797,97,543,0),(4080,2002,97,545,0),(4081,1389,97,543,0),(4082,1357,97,544,0),(4083,421,97,541,0),(4084,83,97,543,0),(4085,2496,97,546,0),(4086,3269,97,541,0),(4087,3585,97,542,0),(4088,3530,97,541,0),(4089,1346,97,546,0),(4090,292,97,541,0),(4091,2570,97,543,0),(4092,3611,97,541,0),(4093,2339,97,546,0),(4094,2865,97,545,0),(4095,3367,97,542,0),(4096,2786,97,546,0),(4097,2118,97,542,0),(4098,2777,97,541,0),(4099,3432,97,541,0),(4100,407,97,544,0),(4101,2718,97,545,0),(4102,1527,97,546,0),(4103,2296,97,542,0),(4104,2330,97,546,0),(4105,821,97,541,0),(4106,2862,97,544,0),(4107,3015,97,546,0),(4108,2416,97,545,0),(4109,1233,97,546,0),(4110,2132,97,545,0),(4111,3621,97,546,0),(4112,2051,97,546,0),(4113,1725,97,543,0),(4114,2814,97,542,0),(4115,2076,97,546,0),(4116,289,97,546,0),(4117,184,97,541,0),(4118,866,97,541,0),(4119,272,97,544,0),(4120,1087,97,546,0),(4121,1687,97,546,0),(4122,3649,97,543,0),(4123,1212,97,543,0),(4124,579,97,542,0),(4125,1219,97,544,0),(4126,23,97,542,0),(4127,2918,97,546,0),(4128,348,97,541,0),(4129,3519,97,545,0),(4130,1909,97,546,0),(4131,1199,97,542,0),(4132,2784,97,541,0),(4133,1744,97,541,0),(4134,211,97,541,0),(4135,2727,97,543,0),(4136,2982,97,544,0),(4137,97,97,545,0),(4138,3534,97,545,0),(4139,3510,97,546,0),(4140,1893,97,545,0),(4141,681,97,541,0),(4142,322,97,542,0),(4143,395,97,546,0),(4144,696,97,544,0),(4145,445,97,541,0),(4146,1091,97,546,0),(4147,1437,97,544,0),(4148,1678,97,542,0),(4149,3205,97,542,0),(4150,2732,97,541,0),(4151,2355,97,546,0),(4152,2094,97,544,0),(4153,2888,97,541,0),(4154,1539,97,543,0),(4155,230,97,546,0),(4156,1673,97,542,0),(4157,2260,97,544,0),(4158,1862,97,542,0),(4159,1703,97,546,0),(4160,1494,97,546,0),(4161,2358,97,546,0),(4162,601,97,544,0),(4163,3403,97,546,0),(4164,3018,97,543,0),(4165,2778,97,543,0),(4166,876,97,544,0),(4167,2576,97,545,0),(4168,3455,97,543,0),(4169,2958,97,542,0),(4170,940,97,541,0),(4171,1887,97,544,0),(4172,2410,97,541,0),(4173,1860,97,546,0),(4174,1099,97,542,0),(4175,3394,97,541,0),(4176,3591,97,542,0),(4177,613,97,542,0),(4178,3484,97,541,0),(4179,1516,97,546,0),(4180,2184,97,543,0),(4181,2218,97,544,0),(4182,2389,97,546,0),(4183,39,97,544,0),(4184,367,97,543,0),(4185,2074,97,545,0),(4186,277,97,544,0),(4187,3415,97,546,0),(4188,476,97,541,0),(4189,3754,97,542,0),(4190,161,97,543,0),(4191,3465,97,541,0),(4192,2032,97,545,0),(4193,3583,97,541,0),(4194,1240,97,542,0),(4195,2038,97,542,0),(4196,415,97,544,0),(4197,2262,97,543,0),(4198,260,97,541,0),(4199,229,97,544,0),(4200,2427,97,545,0),(4201,3598,97,545,0),(4202,2164,97,545,0),(4203,3606,97,544,0),(4204,2491,97,542,0),(4205,2504,97,546,0),(4206,1053,97,543,0),(4207,1333,97,543,0),(4208,1384,97,543,0),(4209,2133,97,546,0),(4210,1246,97,545,0),(4211,1471,97,545,0),(4212,3619,97,543,0),(4213,3021,97,546,0),(4214,515,97,542,0),(4215,3389,97,546,0),(4216,2624,97,543,0),(4217,2070,97,545,0),(4218,422,97,545,0),(4219,1908,97,545,0),(4220,3522,97,545,0),(4221,3004,97,543,0),(4222,1521,97,546,0),(4223,2857,97,541,0),(4224,2889,97,546,0),(4225,2013,97,543,0),(4226,3443,97,541,0),(4227,362,97,545,0),(4228,3643,97,545,0),(4229,2411,97,544,0),(4230,2057,97,544,0),(4231,1159,97,542,0),(4232,2047,97,541,0),(4233,517,97,544,0),(4234,1381,97,544,0),(4235,2180,97,542,0),(4236,1587,97,541,0),(4237,2197,97,546,0),(4238,2321,97,545,0),(4239,1738,97,543,0),(4240,941,97,546,0),(4241,3681,97,542,0),(4242,1812,97,542,0),(4243,41,97,545,0),(4244,383,97,546,0),(4245,1043,97,545,0),(4246,985,97,543,0),(4247,2222,97,543,0),(4248,997,97,541,0),(4249,2044,97,543,0),(4250,1440,97,541,0),(4251,2724,97,545,0),(4252,848,97,545,0),(4253,1996,97,546,0),(4254,1261,97,543,0),(4255,1977,97,542,0),(4256,1302,97,541,0),(4257,1132,97,545,0),(4258,477,97,544,0),(4259,1143,97,544,0),(4260,318,97,542,0),(4261,1931,97,545,0),(4262,15,97,542,0),(4263,1307,97,544,0),(4264,463,97,543,0),(4265,220,97,546,0),(4266,1211,97,545,0),(4267,1596,97,543,0),(4268,2432,97,541,0),(4269,1413,97,541,0),(4270,615,97,546,0),(4271,2841,97,541,0),(4272,3160,97,544,0),(4273,2190,97,544,0),(4274,844,97,541,0),(4275,256,97,543,0),(4276,1507,97,541,0),(4277,642,97,545,0),(4278,677,97,546,0),(4279,1980,97,545,0),(4280,1818,97,544,0),(4281,1295,97,544,0),(4282,595,97,544,0),(4283,1121,97,541,0),(4284,3379,97,542,0),(4285,549,97,545,0),(4286,738,97,545,0),(4287,1480,97,543,0),(4288,3263,97,542,0),(4289,1352,97,546,0),(4290,1229,97,546,0),(4291,1283,97,543,0),(4292,2746,97,545,0),(4293,2507,97,546,0),(4294,2543,97,542,0),(4295,3141,97,543,0),(4296,2898,97,544,0),(4297,249,97,546,0),(4298,405,97,546,0),(4299,3581,97,541,0),(4300,3720,97,541,0),(4301,2169,97,542,0),(4302,1801,97,542,0),(4303,28,97,544,0),(4304,2284,97,541,0),(4305,3260,97,542,0),(4306,1535,97,546,0),(4307,1639,97,546,0),(4308,2349,97,545,0),(4309,151,97,546,0),(4310,1718,97,542,0),(4311,236,97,544,0),(4312,1104,97,546,0),(4313,2914,97,543,0),(4314,458,97,541,0),(4315,1303,97,543,0),(4316,1857,97,546,0),(4317,3194,97,543,0),(4318,2359,97,546,0),(4319,389,97,546,0),(4320,3147,97,545,0),(4321,176,97,542,0),(4322,1196,97,546,0),(4323,3366,97,546,0),(4324,558,97,546,0),(4325,1338,97,543,0),(4326,1632,97,545,0),(4327,1974,97,546,0),(4328,447,41,95,0),(4329,1270,41,91,0),(4330,1942,41,92,0),(4331,79,41,92,0),(4332,700,41,93,0),(4333,1029,99,172,0),(4334,2124,99,170,0),(4335,402,99,170,0),(4336,2456,99,172,0),(4337,1460,99,173,0),(4338,1424,99,170,0),(4339,3557,99,174,0),(4340,2803,99,169,0),(4341,3748,99,170,0),(4342,2605,99,171,0),(4343,121,99,169,0),(4344,2107,99,173,0),(4345,2250,99,174,0),(4346,33,99,174,0),(4347,1681,99,170,0),(4348,2176,99,172,0),(4349,991,99,172,0),(4350,701,99,173,0),(4351,2204,99,170,0),(4352,471,99,169,0),(4353,1778,99,174,0),(4354,720,99,169,0),(4355,42,99,170,0),(4356,1859,99,173,0),(4357,2941,79,278,0),(4358,494,79,278,0),(4359,2614,79,279,0),(4360,2773,79,281,0),(4361,1265,79,279,0),(4362,1825,79,280,0),(4363,931,79,279,0),(4364,1734,79,282,0),(4365,2052,79,277,0),(4366,2738,79,277,0),(4367,3059,79,278,0),(4368,3651,79,278,0),(4369,420,79,282,0),(4370,881,79,281,0),(4371,162,79,277,0),(4372,661,79,277,0),(4373,2388,79,278,0),(4374,840,79,281,0),(4375,235,79,281,0),(4376,651,79,278,0),(4377,2126,79,278,0),(4378,264,79,282,0),(4379,1586,79,279,0),(4380,3709,79,280,0),(4381,1231,79,279,0),(4382,1625,79,278,0),(4383,1934,79,280,0),(4384,774,79,281,0),(4385,707,79,280,0),(4386,2167,79,280,0),(4387,1336,79,279,0),(4388,2457,79,282,0),(4389,141,79,277,0),(4390,2666,79,277,0),(4391,303,79,282,0),(4392,2478,79,281,0),(4393,624,79,281,0),(4394,1206,79,280,0),(4395,1968,79,277,0),(4396,1286,79,282,0),(4397,593,79,277,0),(4398,1843,79,280,0),(4399,3333,79,280,0),(4400,558,79,282,0),(4401,2800,79,280,0),(4402,145,5,372,0),(4403,1839,5,368,0),(4404,2763,5,368,0),(4405,2007,5,369,0),(4406,2136,5,372,0),(4407,3633,5,371,0),(4408,685,5,368,0),(4409,707,5,371,0),(4410,1336,5,367,0),(4411,683,5,367,0),(4412,175,5,372,0),(4413,3466,5,371,0),(4414,417,5,370,0),(4415,3572,5,372,0),(4416,2276,5,369,0),(4417,3641,5,371,0),(4418,3747,5,368,0),(4419,3495,5,370,0),(4420,2353,5,367,0),(4421,744,5,367,0),(4422,728,5,368,0),(4423,2907,5,369,0),(4424,2833,5,370,0),(4425,1610,5,369,0),(4426,1656,5,370,0),(4427,1791,5,372,0),(4428,979,5,369,0),(4429,403,5,368,0),(4430,2195,5,368,0),(4431,171,5,368,0),(4432,3697,5,370,0),(4433,1600,5,368,0),(4434,3329,5,369,0),(4435,3689,5,372,0),(4436,109,5,369,0),(4437,3467,5,371,0),(4438,1663,5,371,0),(4439,330,5,367,0),(4440,1464,5,370,0),(4441,2297,5,371,0),(4442,3274,5,369,0),(4443,885,5,372,0),(4444,3672,5,367,0),(4445,673,5,369,0),(4446,1286,5,370,0),(4447,1474,5,370,0),(4448,1436,5,372,0),(4449,2479,5,370,0),(4450,523,5,372,0),(4451,105,100,644,0),(4452,2238,100,645,0),(4453,911,100,647,0),(4454,2,100,643,0),(4455,511,100,644,0),(4456,3037,100,647,0),(4457,1353,100,645,0),(4458,1972,100,646,0),(4459,1093,100,646,0),(4460,1297,100,648,0),(4461,583,100,645,0),(4462,215,100,646,0),(4463,3600,57,34,0),(4464,868,57,32,0),(4465,446,57,33,0),(4466,2761,57,31,0),(4467,3435,57,34,0),(4468,68,57,31,0),(4469,855,57,35,0),(4470,1644,57,32,0),(4471,1063,111,462,0),(4472,1332,111,462,0),(4473,1823,111,457,0),(4474,1540,111,457,0),(4475,1721,111,459,0),(4476,1140,111,462,0),(4477,2394,111,461,0),(4478,764,111,461,0),(4479,2877,111,460,0),(4480,2685,116,667,0),(4481,2377,116,672,0),(4482,1661,116,671,0),(4483,2772,116,670,0),(4484,2274,116,672,0),(4485,667,116,669,0),(4486,775,116,670,0),(4487,2426,116,671,0),(4488,588,116,670,0),(4489,1519,116,671,0),(4490,827,116,669,0),(4491,3513,116,669,0),(4492,3163,116,672,0),(4493,3511,116,671,0),(4494,1520,116,669,0),(4495,2202,116,667,0),(4496,3076,116,667,0),(4497,1017,116,668,0),(4498,3412,116,669,0),(4499,1895,116,667,0),(4500,509,116,669,0),(4501,1204,116,672,0),(4502,2817,116,669,0),(4503,1386,116,669,0),(4504,1778,116,672,0),(4505,1155,116,669,0),(4506,558,116,667,0),(4507,1338,116,672,0),(4508,2034,116,671,0),(4509,1183,116,670,0),(4510,964,116,667,0),(4511,1612,116,672,0),(4512,431,116,669,0),(4513,1682,116,670,0),(4514,349,116,670,0),(4515,805,116,668,0),(4516,1073,116,671,0),(4517,1322,47,326,0),(4518,3203,47,330,0),(4519,1872,47,330,0),(4520,2892,47,330,0),(4521,884,47,330,0),(4522,604,47,330,0),(4523,410,47,325,0),(4524,2403,47,327,0),(4525,1858,47,329,0),(4526,1739,47,326,0),(4527,257,47,328,0),(4528,596,47,329,0),(4529,544,47,328,0),(4530,1477,47,327,0),(4531,2762,47,325,0),(4532,2879,47,330,0),(4533,2231,47,326,0),(4534,2686,47,330,0),(4535,364,47,326,0),(4536,1463,47,330,0),(4537,963,47,326,0),(4538,793,47,329,0),(4539,2976,47,326,0),(4540,1103,47,328,0),(4541,158,47,326,0),(4542,1538,47,327,0),(4543,3042,47,327,0),(4544,801,47,328,0),(4545,1111,47,329,0),(4546,3122,47,325,0),(4547,2356,47,326,0),(4548,2863,47,330,0),(4549,1584,47,327,0),(4550,2203,47,325,0),(4551,2429,28,39,0),(4552,3206,28,38,0),(4553,294,28,37,0),(4554,3437,28,38,0),(4555,3615,28,38,0),(4556,245,28,42,0),(4557,3195,28,40,0),(4558,3450,28,42,0),(4559,274,28,37,0),(4560,1408,28,42,0),(4561,2452,28,42,0),(4562,477,28,40,0),(4563,893,28,38,0),(4564,2263,28,37,0),(4565,3427,28,38,0),(4566,292,28,37,0),(4567,3104,28,39,0),(4568,438,28,38,0),(4569,727,28,42,0),(4570,541,28,40,0),(4571,923,28,41,0),(4572,3628,28,38,0),(4573,1753,28,41,0),(4574,1266,28,38,0),(4575,3315,28,41,0),(4576,485,28,41,0),(4577,2220,28,37,0),(4578,3665,28,37,0),(4579,1414,28,38,0),(4580,3123,28,38,0),(4581,2790,28,41,0),(4582,694,28,42,0),(4583,25,28,42,0),(4584,451,28,41,0),(4585,1730,28,37,0),(4586,287,28,38,0),(4587,462,28,41,0),(4588,2105,28,38,0),(4589,2146,28,39,0),(4590,3632,28,39,0),(4591,146,28,37,0),(4592,2039,28,42,0),(4593,3623,28,38,0),(4594,2523,28,39,0),(4595,1256,28,38,0),(4596,3620,28,37,0),(4597,2019,28,39,0),(4598,98,28,40,0),(4599,1650,28,42,0),(4600,1192,28,37,0),(4601,1043,28,42,0),(4602,2451,28,38,0),(4603,792,28,37,0),(4604,1209,28,37,0),(4605,3566,28,38,0),(4606,735,28,41,0),(4607,406,28,41,0),(4608,3710,28,41,0),(4609,3504,28,38,0),(4610,1350,28,38,0),(4611,1298,28,42,0),(4612,272,28,42,0),(4613,1925,28,41,0),(4614,1738,28,39,0),(4615,3642,28,39,0),(4616,3375,28,38,0),(4617,2109,28,42,0),(4618,3380,28,38,0),(4619,1913,28,42,0),(4620,1092,28,38,0),(4621,2661,28,40,0),(4622,1461,28,42,0),(4623,1453,28,42,0),(4624,995,28,41,0),(4625,581,28,42,0),(4626,20,28,37,0),(4627,3383,28,41,0),(4628,2967,28,38,0),(4629,2119,28,41,0),(4630,2986,28,37,0),(4631,181,28,39,0),(4632,425,28,39,0),(4633,2665,28,41,0),(4634,2170,28,42,0),(4635,266,28,39,0),(4636,1968,28,42,0),(4637,2303,28,42,0),(4638,1201,28,40,0),(4639,1383,28,37,0),(4640,593,28,41,0),(4641,1704,86,30,0),(4642,339,86,27,0),(4643,2429,86,29,0),(4644,373,86,26,0),(4645,2055,86,27,0),(4646,2220,86,27,0),(4647,246,86,29,0),(4648,553,86,25,0),(4649,677,86,26,0),(4650,1011,86,27,0),(4651,3483,86,29,0),(4652,1488,86,26,0),(4653,2227,86,27,0),(4654,134,86,27,0),(4655,2690,86,28,0),(4656,3105,86,29,0),(4657,1368,86,28,0),(4658,2608,86,26,0),(4659,1288,86,25,0),(4660,2850,86,25,0),(4661,2092,86,27,0),(4662,2466,86,26,0),(4663,3640,86,28,0),(4664,1855,86,29,0),(4665,1116,86,29,0),(4666,2274,86,27,0),(4667,993,86,30,0),(4668,636,86,28,0),(4669,2626,86,26,0),(4670,3603,86,25,0),(4671,691,86,30,0),(4672,521,86,25,0),(4673,493,86,30,0),(4674,2131,86,25,0),(4675,3418,86,30,0),(4676,2369,86,28,0),(4677,387,86,29,0),(4678,3221,86,27,0),(4679,2826,86,27,0),(4680,2407,86,26,0),(4681,1358,86,28,0),(4682,2513,86,29,0),(4683,2780,86,26,0),(4684,472,86,28,0),(4685,2458,86,30,0),(4686,1562,86,27,0),(4687,2283,86,28,0),(4688,2682,86,25,0),(4689,532,86,28,0),(4690,1632,86,25,0),(4691,2077,86,25,0),(4692,3167,86,30,0),(4693,1275,86,27,0),(4694,169,86,25,0),(4695,3178,86,28,0),(4696,1141,86,26,0),(4697,1894,86,29,0),(4698,93,86,28,0),(4699,1223,86,28,0),(4700,3282,86,26,0),(4701,3687,86,29,0),(4702,2967,86,29,0),(4703,939,86,29,0),(4704,3266,86,25,0),(4705,1113,86,28,0),(4706,3567,86,27,0),(4707,242,86,30,0),(4708,760,86,29,0),(4709,3187,86,26,0),(4710,414,86,28,0),(4711,1312,86,30,0),(4712,3744,86,27,0),(4713,3304,86,26,0),(4714,1599,86,28,0),(4715,2173,86,28,0),(4716,1172,86,27,0),(4717,3660,86,25,0),(4718,386,86,28,0),(4719,725,86,25,0),(4720,194,86,26,0),(4721,443,86,30,0),(4722,1170,86,29,0),(4723,1148,86,27,0),(4724,3116,86,30,0),(4725,153,86,27,0),(4726,190,86,29,0),(4727,1160,86,30,0),(4728,1940,86,28,0),(4729,74,91,267,0),(4730,1022,91,270,0),(4731,1939,91,265,0),(4732,1899,91,266,0),(4733,1702,91,266,0),(4734,1056,91,265,0),(4735,1109,91,266,0),(4736,1433,91,265,0),(4737,746,91,266,0),(4738,122,91,265,0),(4739,1193,91,266,0),(4740,1066,91,266,0),(4741,266,91,265,0),(4742,2390,73,628,0),(4743,1729,73,625,0),(4744,1708,73,627,0),(4745,1696,73,625,0),(4746,2758,73,625,0),(4747,1907,73,627,0),(4748,719,73,630,0),(4749,2465,73,626,0),(4750,1391,73,627,0),(4751,235,73,626,0),(4752,684,73,626,0),(4753,718,73,625,0),(4754,1070,73,627,0),(4755,2628,73,625,0),(4756,3265,73,628,0),(4757,328,73,628,0),(4758,3499,73,625,0),(4759,2158,73,625,0),(4760,3180,73,630,0),(4761,377,73,626,0),(4762,3222,73,627,0),(4763,1297,73,630,0),(4764,3480,73,627,0),(4765,1815,73,625,0),(4766,1767,73,625,0),(4767,854,73,630,0),(4768,759,73,629,0),(4769,3214,73,630,0),(4770,781,73,626,0),(4771,2308,73,627,0),(4772,1535,73,627,0),(4773,1866,73,627,0),(4774,123,73,628,0),(4775,2571,73,630,0),(4776,64,73,627,0),(4777,1966,73,625,0),(4778,540,73,629,0),(4779,2883,73,626,0),(4780,3128,73,629,0),(4781,3652,73,627,0),(4782,1204,73,627,0),(4783,751,73,630,0),(4784,1692,73,629,0),(4785,1286,73,627,0);
/*!40000 ALTER TABLE `local_has_product` ENABLE KEYS */;
UNLOCK TABLES;

--
-- Table structure for table `order`
--

DROP TABLE IF EXISTS `order`;
/*!40101 SET @saved_cs_client     = @@character_set_client */;
/*!40101 SET character_set_client = utf8 */;
CREATE TABLE `order` (
  `id` int(11) NOT NULL AUTO_INCREMENT,
  `local_id` int(11) NOT NULL,
  `user_id` int(11) NOT NULL,
  `created` date DEFAULT NULL,
  `type` enum('d','t') DEFAULT NULL,
  PRIMARY KEY (`id`),
  KEY `fk_order_local1` (`local_id`),
  KEY `fk_order_user1` (`user_id`),
  CONSTRAINT `fk_order_local1` FOREIGN KEY (`local_id`) REFERENCES `local` (`id`) ON DELETE NO ACTION ON UPDATE NO ACTION,
  CONSTRAINT `fk_order_user1` FOREIGN KEY (`user_id`) REFERENCES `user` (`id`) ON DELETE NO ACTION ON UPDATE NO ACTION
) ENGINE=InnoDB DEFAULT CHARSET=utf8;
/*!40101 SET character_set_client = @saved_cs_client */;

--
-- Dumping data for table `order`
--

LOCK TABLES `order` WRITE;
/*!40000 ALTER TABLE `order` DISABLE KEYS */;
/*!40000 ALTER TABLE `order` ENABLE KEYS */;
UNLOCK TABLES;

--
-- Table structure for table `order_detail`
--

DROP TABLE IF EXISTS `order_detail`;
/*!40101 SET @saved_cs_client     = @@character_set_client */;
/*!40101 SET character_set_client = utf8 */;
CREATE TABLE `order_detail` (
  `id` int(11) NOT NULL AUTO_INCREMENT,
  `order_id` int(11) NOT NULL,
  `local_has_product_id` int(11) NOT NULL,
  `quantity` int(11) NOT NULL,
  PRIMARY KEY (`id`),
  KEY `fk_order_detail_order1` (`order_id`),
  KEY `fk_order_detail_local_has_product1` (`local_has_product_id`),
  CONSTRAINT `fk_order_detail_order1` FOREIGN KEY (`order_id`) REFERENCES `order` (`id`) ON DELETE NO ACTION ON UPDATE NO ACTION,
  CONSTRAINT `fk_order_detail_local_has_product1` FOREIGN KEY (`local_has_product_id`) REFERENCES `local_has_product` (`id`) ON DELETE NO ACTION ON UPDATE NO ACTION
) ENGINE=InnoDB DEFAULT CHARSET=utf8;
/*!40101 SET character_set_client = @saved_cs_client */;

--
-- Dumping data for table `order_detail`
--

LOCK TABLES `order_detail` WRITE;
/*!40000 ALTER TABLE `order_detail` DISABLE KEYS */;
/*!40000 ALTER TABLE `order_detail` ENABLE KEYS */;
UNLOCK TABLES;

--
-- Table structure for table `product`
--

DROP TABLE IF EXISTS `product`;
/*!40101 SET @saved_cs_client     = @@character_set_client */;
/*!40101 SET character_set_client = utf8 */;
CREATE TABLE `product` (
  `id` int(11) NOT NULL AUTO_INCREMENT,
  `name` varchar(150) DEFAULT NULL,
  `category_id` int(11) NOT NULL,
  PRIMARY KEY (`id`),
  KEY `fk_product_category1` (`category_id`),
  CONSTRAINT `fk_product_category1` FOREIGN KEY (`category_id`) REFERENCES `category` (`id`) ON DELETE NO ACTION ON UPDATE NO ACTION
) ENGINE=InnoDB AUTO_INCREMENT=3757 DEFAULT CHARSET=utf8;
/*!40101 SET character_set_client = @saved_cs_client */;

--
-- Dumping data for table `product`
--

LOCK TABLES `product` WRITE;
/*!40000 ALTER TABLE `product` DISABLE KEYS */;
INSERT INTO `product` VALUES (1,'Chica 3 Porciones',1),(2,'Parrilla para Dos',2),(3,'Tres Leches de Chocolate',1),(4,'Chirimoya',2),(5,'Platos de Fondo Opción 2',2),(6,'Entrada Anticuchos',2),(7,'Café Cortado',2),(8,'Para 3 ó 4 Personas',2),(9,'Salsa Blanca',1),(10,'Leche con Plátano',2),(11,'Tiradito de Pulpo a los Dos Olivos',1),(12,'Pulpo a lo Olivo',2),(13,'18 Unidades',1),(14,'Huevera Frita con Arroz y Ensalada',1),(15,'Arroz Chaufa de Pollo',2),(16,'Parrillera grande',1),(17,'Bife Angosto Clásico',1),(18,'Tres Leches Clásico y de Chocolate',2),(19,'Guarana',2),(20,'Pasión tropical',2),(21,'Conchas de Abanico a la Chalaca',1),(22,'Capuchino Ice',2),(23,'Cojinova a la Plancha',1),(24,'Mazamorra Morada',1),(25,'Lomo',2),(26,'Nugget de pollo',2),(27,'Barbie 11',2),(28,'Parihuela Chita Fuente Mediana',1),(29,'Seco de Carne con Frejoles',2),(30,'Caldo de gallina',1),(31,'Langostino / Ebi',1),(32,'Agua San Luis 410 ml.',1),(33,'Con leche',2),(34,'Pollo Silao Kay y Chaufa',1),(35,'Alitas Mis Costillitas',2),(36,'Arroz con Choclo',2),(37,'Chancho al ajo',2),(38,'Menú 2: Entrada: Ensalada César. Fondo: Lasagna de carne',2),(39,'Chita Frita',1),(40,'1 Pollo + 1/4 Pollo Parte Pierna + Ensalada + Papas + Cremas + Gaseosa',1),(41,'Seco de Res',2),(42,'Fresa',2),(43,'Causa de Pulpo',1),(44,'Garlic Parmesan Breadsticks',2),(45,'De Pato Asado',2),(46,'Al Jugo con Frejoles',1),(47,'Trufa 50P Maracuyá',2),(48,'A la chorillana',2),(49,'Ensalada Mixta',1),(50,'Navarro Correas',2),(51,'Fresh Kani',2),(52,'Lenguado en Salsa de Camarones',1),(53,'Inca Kola Zero',2),(54,'Blue',1),(55,'Jarra Limonada Thai',2),(56,'Saltado de Lenguado',2),(57,'Trufas de Chocolate',2),(58,'Piscina',1),(59,'Inka Cola Zero 500 ml',1),(60,'Aguadito de Pato',2),(61,'Piqueo Snack Grande / Papa Lays',1),(62,'Triple con Pollo',1),(63,'Con saltado de pescado',1),(64,'Inca Cola Normal',2),(65,'Al rocoto',2),(66,'Ravioles de Carne al Horno Bolognesa',2),(67,'Menú Premium (Con Entrada)',2),(68,'Desayuno Sueño',2),(69,'Deluxe',1),(70,'Yakitori de Mariscos',1),(71,'Pescado Frito con Yuca',2),(72,'Marucha',2),(73,'Chaufa con pollo con tallarín saltado con Kam Lu Wantán',1),(74,'Menú Pollo Ejecutivo',2),(75,'Limonada x Vaso (thai)',1),(76,'Canelones de pollo y champiñones',1),(77,'Gunkan Pulpo / Acevichado',2),(78,'Menú 2: Entrada- Papitas  en  salsa  dúo (ocopa ,huancaina ). Fondo- Seco de  res con papas sancochadas',1),(79,'100 porciones',2),(80,'Jarra de Limonada Frozen Thai',1),(81,'Papa frita',2),(82,'Capitan Morgan 750ml',1),(83,'Cebiche Clásico Peruano',2),(84,'Tartaletitas de Alcachofa o Champiñones',1),(85,'Las Canastas',1),(86,'Pechuga, Filete o Chuleta con Ensalada Clásica',2),(87,'Trivento Malbec',1),(88,'Sánguche Mixto Especial',2),(89,'Chifles',1),(90,'Gratis Ensalada Clásica por la compra de 1 pollo a la brasa',1),(91,'Ponte Vecchio',2),(92,'Kekito de la semana',2),(93,'Vino de la Casa 1/2 Litro',1),(94,'Jagermeister',1),(95,'Combo 3 Lechón',1),(96,'Parrilla Taky Familiar',1),(97,'Sudado de Cabrilla',2),(98,'Ravioles verdes a la vegetariana',1),(99,'Arroz Relleno de Pulpa de Cangrejo y Frito por Fuera',2),(100,'Cheesy Bread x8',2),(101,'Frito',2),(102,'A la Minuta',2),(103,'Saltada con Fideo Chino',1),(104,'Súper Combo II',1),(105,'Sólo',1),(106,'Melón con Piña',2),(107,'Tacu Tacu con Churrasco',1),(108,'4 Quesos',2),(109,'Kamikake Roll',1),(110,'Carne',1),(111,'Cordon blue al panko',1),(112,'Gratis Ensalada Clásica por la compra de 1 pollo a la brasa',2),(113,'Agua de Piña Natural',1),(114,'Causa de Langostinos en Crema de Ocopa',1),(115,'Furai Maki 5 unid.',2),(116,'Cristal',1),(117,'Caja Pilsen',1),(118,'1 Pollo + 1/4 Pollo Parte Pierna + Ensaladas + Papas + Cremas',1),(119,'Saltado con Carnes de Res',2),(120,'Papas Fritas',1),(121,'Salchicha huachana + huevo + jamón',1),(122,'1/2 Pollo + Papas + Ensalada',2),(123,'1 Docena',2),(124,'Mini Pie de Limón',2),(125,'Cheesecake de sauco',1),(126,'Para 12 personas B',2),(127,'Sanguchón de Pollo + Chicha o Café',2),(128,'Hawaiian Bacon',2),(129,'Chuleta + papas + ensalada',2),(130,'Lomo en Salsa de Champiñones',2),(131,'Fanta 410 ml.',1),(132,'Pequeña',1),(133,'Galletas de ajonjolí y coco',2),(134,'Calzone Don Pasquale',2),(135,'Causa de Lenguado',1),(136,'Lonche Atardecer',2),(137,'Ñoqui a la huancaína',2),(138,'Doble',1),(139,'Tiradito Magma',2),(140,'Combos Marinos',2),(141,'Ají de Gallina',1),(142,'Cocktail de langostinos',2),(143,'Junior',1),(144,'Dulce Sensación',1),(145,'Tiradito Tropical',1),(146,'Gnocchi Pesto',1),(147,'Te Deseo un Buen Día',2),(148,'Surtido (Papaya,piña,manzana y plátano)',2),(149,'Huevera Frita',2),(150,'6 Dulcecitos + Chicha o Café',2),(151,'Porción de Yucas',1),(152,'Hamburguesa Clásica',1),(153,'Ron Bacardi Rubio',2),(154,'Frita con Papas Fritas y Ensalada',1),(155,'Clásica',1),(156,'Mollejitas + papas + ensalada',2),(157,'Sudado A la Norteña',2),(158,'Vaso de chicha  10 oz',1),(159,'Locro de D Cazuela',1),(160,'Salmón /Shake',2),(161,'Chita de la Casa',1),(162,'Mix de piqueos',2),(163,'Tacu Tacu con Cabrito',2),(164,'Aguaymanto',2),(165,'Tacu Tacu con Bisteck Montado',1),(166,'Bije a la Parrilla',1),(167,'Con gas',1),(168,'Ossobuco al Ragú con Fettuccini',1),(169,'Pisco Sour',1),(170,'Para 100 Invitados',1),(171,'Tanke Maki',1),(172,'Media Docena',1),(173,'Docena',1),(174,'Ensalada Mediterránea',1),(175,'Pescado con Mariscos',1),(176,'Chicha de Jora',1),(177,'Ronsa Isla (Familiar)',2),(178,'Cordon Bleu de Pollo',2),(179,'2 pollos + papas',1),(180,'Filete de Pollo',1),(181,'Turrón de Chocolate',2),(182,'Hecha a tu Medida',1),(183,'Rizotto de Mariscos',2),(184,'Jalea de Calamar',2),(185,'Enrollado de Cojinova en Salsa de Langostinos',1),(186,'Gordita',1),(187,'Uke',1),(188,'Cheesesticks',1),(189,'32 Unidades',2),(190,'Whisky Johnnie Walker Black Label',1),(191,'Fanta de 500 ml.',1),(192,'Butihuevo (Tipo Davory´s)',2),(193,'CHF 03 - Combo para 2',1),(194,'Benjamin Chardonnay',2),(195,'Tacu Tacu Salsa de Camarones',2),(196,'Pollo Chupi Kay con Champiñones',1),(197,'Deluxe Familiar  + Cheesy Bread',2),(198,'Pavo con champiñones y queso.',1),(199,'Papa al Horno con Salsa Cheddar',2),(200,'Sapaguetti a lo Alfredo',1),(201,'1/4 de pollo + papas + ensalada + palito anticucho',1),(202,'Sashimi de Erizo',2),(203,'Por millar',2),(204,'Continental',2),(205,'Cuadril',1),(206,'Puro',1),(207,'Tortilla con pollo con verdura y chaufa',2),(208,'De 4 Personas',1),(209,'Paella Mixta',2),(210,'Acevichado Maki 10 unid.',2),(211,'Sudado Mixto',1),(212,'Menú Ejecutivo',2),(213,'X 100',1),(214,'Canelones con Jamón y Queso',1),(215,'Combo Pollo',1),(216,'TABLA #5 (50 unidades de Maki)',1),(217,'Combo Mixto',2),(218,'Ensalada Tropical',2),(219,'Sánguche de Pavo',1),(220,'Majao de Yuca',2),(221,'Combo 2 Chicharrón',1),(222,'Legumbres cocidas',1),(223,'Ensalada frutimiel mediana',2),(224,'San Luis con Gas',2),(225,'100 Unidades',1),(226,'Tequila Sauza',2),(227,'Pescado a la Plancha',2),(228,'Anticuchos de Lomo (2 Palitos)',1),(229,'Tramboyo en Crema de Langostinos',2),(230,'Chupe de Cojinova',1),(231,'Chita',2),(232,'2 Pizzas Grandes de 1 Ingrediente',2),(233,'Baileys',1),(234,'Pavo',2),(235,'Combo Familiar',2),(236,'Porción de Cancha',2),(237,'Pescado a la Plancha con Ensalada y Papas',2),(238,'Brochetas de Pollo (2 Unidades)',2),(239,'Pescado en Salsa de Cangrejo',1),(240,'Salchipapas',2),(241,'Granadilla con Mandarina',2),(242,'Trapiche Malbec',2),(243,'Leche de Tigre Especial',2),(244,'Keke de La Panadera',1),(245,'Champiñones al ajo',1),(246,'Cappelletti Brodo',1),(247,'Skyy 1L',2),(248,'Postres de la semana',2),(249,'Sudado De Mero Fuente Mediana',1),(250,'Alfajores x 12',1),(251,'Milanesa de Corvina',1),(252,'Piqueo Moreno',1),(253,'Sopa Fuchilu',1),(254,'Papas fritas',2),(255,'Empanada de lomo saltado',2),(256,'Chilcano Mixto',2),(257,'Salchipapa mixta',2),(258,'Saltado con Tausi',2),(259,'Pera',1),(260,'Tramboyo en su Sal',1),(261,'Combo Parrilla',2),(262,'Apanado con Papas Fritas y Ensalada',1),(263,'Saltada con Ostión',2),(264,'Yakimeshi de pollo',2),(265,'Al Ajo',2),(266,'Inca Kola',1),(267,'Machu Picchu',2),(268,'Nigiri Tekka',2),(269,'Futbol 11',2),(270,'Cartavio Solera',1),(271,'Asado con Yuyo',1),(272,'Arroz con Mariscos',2),(273,'Albóndigas a la Bolognesa con Spaguetti',1),(274,'Antipasto especial',2),(275,'Mohawk Lt',1),(276,'Mollejitas de Pollo',1),(277,'Chita al Ajillo',2),(278,'1 pollo + papas + ensalada + 1/4 de pollo',1),(279,'Arrebozado',1),(280,'Pechuga en Salsa de Champiñones',2),(281,'Medallón de Lomo a lo Pobre',2),(282,'Viejo Tonel Mosto Verde 750 Ml',1),(283,'Hamburguesa 377',2),(284,'Nigiri Kani',2),(285,'Mero loco II americano',1),(286,'Huevo, tomate, palta',2),(287,'Fetuccini a lo Alfredo',2),(288,'Tallarines rojos',1),(289,'Jalea mixta',1),(290,'Nueces',2),(291,'Granadilla',1),(292,'Tiradito de Lenguado',1),(293,'Salsa Ostión',2),(294,'Crostini',2),(295,'Florencia',1),(296,'Arroz chaufa de chancho',2),(297,'Brochetas de Encuentro de Pavo a las Finas Hierbas',1),(298,'San Luis sin gas',2),(299,'Sopa Wantán con tallarín saltado con pollo',1),(300,'Tempura',1),(301,'Polen',2),(302,'Combos de Niños',1),(303,'Sopa Miso',2),(304,'Gelatina',1),(305,'Salsa Pomodoro',1),(306,'Detalle Especial',2),(307,'Cerveza Cuzqueña Negra',1),(308,'Espinaca a lo Alfredo',2),(309,'Conchas a la Parmesana',1),(310,'Nigiri Tataki',1),(311,'1,75 Lt',2),(312,'Plátanos Fritos',1),(313,'Pesto',2),(314,'Tekken Maki 5 unid.',1),(315,'Guanábana con Uva',2),(316,'Cartavio Black Lt',2),(317,'Pollo',1),(318,'Tallarín Saltado de Pollo',1),(319,'Galletas Especiales de Temporada',2),(320,'De la casa',1),(321,'Zanahoria y Chorizo',2),(322,'Parihuela de Lenguado',2),(323,'Por unidad',2),(324,'CHF 09 - Combo para 6',1),(325,'Jugo de Durazno',1),(326,'Marina para dos',1),(327,'Cannelloni Sueltos',1),(328,'Salchipapa',2),(329,'Camú Camú',2),(330,'Makimona Rolla  (Espacial de la casa)',1),(331,'Arroz a lo pobre',2),(332,'Arroz Cremoso',2),(333,'Tiradito Bahía',1),(334,'500 ml',1),(335,'Camarón Cristal',2),(336,'Kani Maki 10 unid.',2),(337,'X 6',1),(338,'Fetuccini con Salchicha a lo Alfredo',2),(339,'Grande',2),(340,'Gunkan Atún / Spicy',2),(341,'Ayu-Kado',2),(342,'Inca Kola 410 ml',2),(343,'Dúo',1),(344,'1L',2),(345,'Sanguchón Asado con Cebolla Blanca Agridulce',2),(346,'Romana',2),(347,'Pollo con Frutas',1),(348,'Lenguado a la Plancha',1),(349,'Magdalena',1),(350,'Napolitana',1),(351,'Cigarrillos Lucky Convertible X 20',2),(352,'Botellas',2),(353,'Dora la Exploradora',2),(354,'Ronda Caliente Molinero',1),(355,'Risotto Acevichado',2),(356,'Sanguchitos Pollo con Durazno',2),(357,'Appleton 1L',1),(358,'Churrasco de Res',2),(359,'Grande 8 Porciones',1),(360,'Canelones de carne',1),(361,'Cerveza Cristal',1),(362,'Ravioles de Uñas de Cangrejo',1),(363,'1.5 Litros',1),(364,'Polliaritos',2),(365,'Alas Gigantes de Pavo',1),(366,'Postales Del Fin Del Mundo C/S',1),(367,'Chita a lo Macho',1),(368,'Tropical',2),(369,'Asado',1),(370,'Nigiri Calamar',2),(371,'Spicy Tuna',1),(372,'Cheescake',1),(373,'Pan al Ajo Especial',2),(374,'Para 8 personas A',1),(375,'Fideos al Pesto con Lomo',2),(376,'Sanguchón Mixto',1),(377,'Chuleta',2),(378,'Chocolate Caliente',1),(379,'Jalea de pescado',1),(380,'Pechuga, Filete o Chuleta con Ensalada Parrillera',1),(381,'Picante del Molinero',1),(382,'1/4 Pollo',1),(383,'Seco de chavelo',1),(384,'Tender Extra Crispy',1),(385,'Alitas Orientales',2),(386,'Navarro Correas Blend Colección Privada',2),(387,'Parmigiana de Alcachofa',2),(388,'Fanta',2),(389,'1 Litro de Limonada',2),(390,'Arvejitas con lomo',1),(391,'Para 20 personas B',1),(392,'Vaso',1),(393,'Chica',1),(394,'Californication',1),(395,'Parihuela de Cangrejo',1),(396,'Arroz blanco',2),(397,'Gunkan Conchas de abanico',1),(398,'Parihuela Especial',2),(399,'Maracuyá',1),(400,'Mousse de Chocolate',1),(401,'Tequeños con pulpa de cangrejo',1),(402,'Pan mixto de jamón y queso',2),(403,'California Roll',2),(404,'Sanguchón Butifarra de Jamón del País',1),(405,'Parihuela Cojinova Fuente Mediana',2),(406,'Milanesa pesto con fetuccini a la huancaína',2),(407,'Chicharrón de Corvina',1),(408,'Pollo con champiñones y chaufa',2),(409,'Arroz Tapado y Montado',2),(410,'La Salchiblanca',1),(411,'Chaufa con pollo con pollo enrollado con tamarindo',1),(412,'De mariscos al mero loco II',2),(413,'Yakuza Maki 10 unid.',1),(414,'Los Cardos Doña Paula',2),(415,'Tramboyo a lo Macho',1),(416,'Sopa Wantán con chancho con verdura y chaufa',2),(417,'Porción de 3 Unidades de Marisco',1),(418,'Tokio Maki 10 unid.',2),(419,'Pie de limón',1),(420,'Trío de Causas',1),(421,'Cebiche de Camarones',1),(422,'Tacu Tacu a lo Macho',2),(423,'Chancho asado con tamarindo',2),(424,'Té Rojo Burbuja',2),(425,'Crema volteada',2),(426,'1 Litro',1),(427,'Pollo, jamón inglés y queso edam',1),(428,'Chuletas de Parrilla (2)',2),(429,'Arroz Congri',1),(430,'Morcillas (2 Unidades)',1),(431,'Hierba Luisa',2),(432,'Margarita',2),(433,'Saltado Mar y Tierra',1),(434,'Grande (8 slices)',2),(435,'Chocoteja',2),(436,'Spaguetti De Mare',1),(437,'Internacional',2),(438,'Con langostinos y palta en salsa rosada',1),(439,'Spring roll tradicional',1),(440,'Chi Jau Kay',1),(441,'Chancha Serranita',2),(442,'Combo CLÁSICO',1),(443,'Ricadonna Asti',1),(444,'Coditos fritos',1),(445,'Parihuela de Chita',2),(446,'Chocolatero',1),(447,'35 un',2),(448,'Ensalada Fresca',2),(449,'Pie de manzana',1),(450,'Pollo Saltado con Champiñones',1),(451,'Anticucho de Lomo',2),(452,'Tacu con Salsa de Mariscos',2),(453,'Champagne Chandon',2),(454,'Ballantines',2),(455,'Frejoles castilla con milanesa de pollo',1),(456,'XL 18 Porciones',1),(457,'Parilla familiar',2),(458,'Gaseosa 1 1/2 Litro',1),(459,'Gratín de Papa',2),(460,'Kam Lu Wantan',1),(461,'Tallarin saltado de pollo',2),(462,'Penne all arrabiatta',2),(463,'Arroz chaufa especial',1),(464,'Rojo',2),(465,'Jamón y Champignones',1),(466,'Para 20 personas A',2),(467,'Mojito Cubano',1),(468,'Chicken César',1),(469,'Hamburguesa Mis Costillitas',1),(470,'Papa s',1),(471,'Naranja',1),(472,'Limonada 1 Litro',1),(473,'Souffle de champiñones',2),(474,'Puré de Papa',2),(475,'Fondo: Estofado de costillar',1),(476,'Chita en Crema de Langostinos',2),(477,'Chicharrón de pollo',2),(478,'Fiesta (12 slices)',1),(479,'Sudados de Chita',2),(480,'1 porción de Mixto: pancita + choncholi + rachi + molleja y papas sancochadas + cremas',2),(481,'Hamburguesa Junior',2),(482,'Entraña',1),(483,'Fondo: Olluquito con carne',1),(484,'Rizotto de Camarones',2),(485,'Ensalada Donatello',1),(486,'Capricho Encanelado',1),(487,'Yuquitas Fritas',1),(488,'Spaguetis a la huancaína con lonjas de pollo a la brasa',1),(489,'Jamón y Queso',1),(490,'Puré de Papa',1),(491,'Arroz con Pollo',2),(492,'Pollo a la piña',1),(493,'Milanesa napolitana',1),(494,'10 cortes',2),(495,'Cesar´s',2),(496,'Prosciutto',2),(497,'Puré de papas',2),(498,'Tiradito de Corvina con Langostinos',1),(499,'La Pregonera',1),(500,'Shake',2),(501,'De pescado',1),(502,'Lunch Spaguetti a la Bolognesa',1),(503,'Something Special 750 Ml',1),(504,'Golden Maki',2),(505,'Porción de papas fritas',1),(506,'Pollo grillado',2),(507,'Sin gas',1),(508,'XL 12 Porciones',1),(509,'Inka Kola 1/2 Litro',1),(510,'Con Frejoles',1),(511,'1 porción de anticucho',2),(512,'Porción de Ensalada',2),(513,'Orgia de Mariscos',1),(514,'En salsa de mariscos a la pimienta',1),(515,'Tacu Tacu con Lenguado',1),(516,'Ravioli di Alcachofa',2),(517,'Lasagna de Mariscos',1),(518,'Parrilla de Pulpo',1),(519,'Apple Twist Pie',1),(520,'Saltado de Atún',1),(521,'Braccioletta',2),(522,'Tacu-Tacu con Filete Frito',2),(523,'Limonada',1),(524,'Magdalena',2),(525,'1 Kilo',1),(526,'1 Pollo + Ensalada + Papas + Cremas + Gaseosa',2),(527,'Citrus',1),(528,'Menú 2: Entrada-Ensalada de verduras frescas con huevitos de codorniz,papitas coctel y bastones de queso fresco. Fondo- Coditos',2),(529,'Cusqueña Lata',1),(530,'Yuquitas con Huanacaína',2),(531,'Tacu-Tacu con Bisteck a lo Pobre',1),(532,'Café Expresso',1),(533,'Salmón / Shake',1),(534,'Singapur',2),(535,'Sopa Wantán especial',2),(536,'Deshuesado con Tausi',1),(537,'Polliartos',1),(538,'Triple',1),(539,'Cuadril de Lomo',1),(540,'Coca Cola Normal',2),(541,'Langostinos crocantes',2),(542,'Fettuccine al  Pesto',1),(543,'Hamburguesa Simple',2),(544,'Choripapa Clásica',2),(545,'Afrodisiaco',2),(546,'Finas Hierbas',1),(547,'Lai Chi con Tamarindo',2),(548,'Porción de Palta',2),(549,'Festival de Arroces',1),(550,'De langostinos',1),(551,'Salchipapa Frankfuter',1),(552,'Granola Energética',2),(553,'Mediana',2),(554,'Conchas de abanico / Hotate',2),(555,'A lo meniere',2),(556,'Menú Chuleta',1),(557,'Sakana Tempura',1),(558,'Café',2),(559,'Champignones',1),(560,'Furai Maki 10 unid.',2),(561,'Fresas con smoking de chocolate (en temporada)',2),(562,'A lo pobre',2),(563,'Fondo: Adobo de cerdo c/tacu tacu',2),(564,'4 Quesos',1),(565,'Clásica Grande',2),(566,'Pescado a la Chorrillana',1),(567,'6 Sanguchitos +Chicha o Café',2),(568,'Sopa Wantán con pescado con verdura',2),(569,'Sanguchón Butifarra Caliente (Tipo Davory´s)',1),(570,'Sándwich Papi Julio',1),(571,'Oficial',1),(572,'Mix fresh',1),(573,'Cerveza chica',2),(574,'Seco de osobuco con frejoles',1),(575,'Nigiri Sushi de Fortuno',1),(576,'Yuca frita',2),(577,'Mini cheescake (fresa y sauco)',2),(578,'Enrollados Primavera',1),(579,'Risoto de Langostinos',2),(580,'Tres Leches Clásica',1),(581,'Tres Leches',2),(582,'Sanguchito de Pollo con Durazno',2),(583,'1/4 de pollo parrillero',2),(584,'Café Express',1),(585,'Russkaya 750 Ml',2),(586,'Tres Generaciones Acholado 750 Ml',2),(587,'Plátano con leche',2),(588,'300 gr',2),(589,'Tiradito Cojinova',1),(590,'Nigiri Uni',1),(591,'Cartavio Superior 750ml',2),(592,'Atún a la Pimienta con Risotto o Fettuccini',1),(593,'Jarra de Chicha Morada',2),(594,'Tiradito de Mero',1),(595,'Suspiro a la Limeña',1),(596,'La Salchiitaliana',2),(597,'Concentrado Molinero',1),(598,'Sashimi de Langostinos',1),(599,'Para Recordarte',2),(600,'Tacama Gran Tinto',1),(601,'Chupe de Trambollo',2),(602,'Milanesa de Lenguado',2),(603,'Havana Añejo Reserva 750ml',2),(604,'La Revuelta',1),(605,'Cocktel de Camarones',1),(606,'Chicha Morada',1),(607,'Con seco de osobuco',1),(608,'Patita con Mani',1),(609,'Yasai Tempura',1),(610,'Milanesa Napolitana de Carne',1),(611,'Ravioles de Queso Divorciados',2),(612,'Meats',1),(613,'Tallarín de Langostinos',2),(614,'Asado Deshuesado con Nabo',1),(615,'Crema de Espinacas',2),(616,'Evervess',2),(617,'Tartaleta de Chocolate',1),(618,'Ronda Especial (5 Combinaciones al Escoger)',1),(619,'Arroz Relleno de Pulpa de Cangrejo y Cubierto con Ajonjolí Blanco',2),(620,'50 unidades',2),(621,'Champignones',2),(622,'Tortillas de Verduras',1),(623,'Gaseosa 1.5L',1),(624,'Vaso de chicha morada',2),(625,'Menú Premium (Con Entrada)',1),(626,'Causa Rando Marina',1),(627,'Chuleta',1),(628,'Clásica Familiar + Breadsticks',2),(629,'Maki Furay',1),(630,'Pescado a lo Macho',2),(631,'Sudados de Tramboyo',1),(632,'Chancho Asado',2),(633,'Sanguchitos Pavo',1),(634,'Pizza Familiar',1),(635,'Wantan relleno con langostinos',1),(636,'Ravioli Tortelloni',1),(637,'1/4 DelyPollo',1),(638,'Rose Meiseco',2),(639,'Mollejas de Res',2),(640,'Tiraditos',2),(641,'Dúo de Tiradito',2),(642,'Mediano',2),(643,'Piqueo Snax 225 grs',1),(644,'Pollo a la Plancha',2),(645,'CHF 05 - Combo para 4',1),(646,'Chupe Mariscos',1),(647,'Chivas',2),(648,'A lo Macho',1),(649,'Pechuga de Pollo a lo Pobre + Refresco',1),(650,'1 Pizza francesa familiar + 1 pizza carnívora familiar + 2 panes de ajo + gaseosa 1.5 L',1),(651,'5 cortes clásicos, yakimeshi y 3 langostinos al panko',1),(652,'Bebidas Gaseosas Light',2),(653,'Cebiche Pantera',2),(654,'Cream Supreme',2),(655,'Saltado con Chancho Asado',2),(656,'Saltado de Res de Lomo Fino',2),(657,'Maracuyá Sour',1),(658,'Vino Tinto Nacional',1),(659,'Canelones de espinaca',2),(660,'Doritos 200 grs',1),(661,'Combo ejecutivo',2),(662,'Filete Mignon',2),(663,'Cartavio Black 1L',1),(664,'Carne',2),(665,'Sin Gas',2),(666,'Extra Familiar',2),(667,'Tamales',2),(668,'Pie de limón',2),(669,'Pollo al horno con ensalada rusa',2),(670,'Al Ajo (Láminas al ajo)',1),(671,'Tazas con Chocotejas',2),(672,'Cachitos de almendras',1),(673,'Chicken Katsudon',2),(674,'Sanguchitos Espinaca con Queso Crema y Tocino',1),(675,'Rocoto Relleno',2),(676,'Extra Familiar',1),(677,'Familiar',2),(678,'Tiradito Limeña',2),(679,'Barcelo Añejo 750ml',1),(680,'Hawaiian Bacon',1),(681,'Parihuela de Corvina',1),(682,'Mini Triples de pollo, jamón y queso (Pedido mínimo 50 unidades)',1),(683,'Lenguado',2),(684,'1/4 Pollo a la Brasa',1),(685,'Salmón Caribean Salad',2),(686,'Fullmeat',2),(687,'Arroz chaufa',1),(688,'Causa Rellena con Langostinos',2),(689,'Menú Empresarial',2),(690,'Parihuela Mero',2),(691,'Fileto a la Boscaiola',1),(692,'Frutas Deshidratadas',1),(693,'Medio pollo a la brasa',1),(694,'Fettuccini al lomo saltado y champiñones',2),(695,'De Verano',2),(696,'Parihuela de Tramboyo',2),(697,'Cuzqueña Rubia',2),(698,'San Luis sin Gas',1),(699,'Ocopa a la Arequipeña',1),(700,'50 porciones más',1),(701,'Fresa + leche',1),(702,'Bag x 4',2),(703,'24 Porciones',2),(704,'Corvina',2),(705,'Ronda Taky: 2 Palitos de Anticucho, 2 Chorizo, 4 Riñoncitos, 1 Morcilla y Papas Fritas',2),(706,'Al horno',1),(707,'Salmón',1),(708,'Salsa Alfredo',1),(709,'35 porciones',2),(710,'Deditos de pollo al panko',2),(711,'Hello Kitty 1',2),(712,'Cake Esponjoso de Zanahoria',1),(713,'Media Docena',2),(714,'Hamburguesa con Queso y Tocino',2),(715,'Causa a la Limeña',2),(716,'Butifarrittas',1),(717,'Chaufa con pollo , pato y tausi',1),(718,'1/4 Pollo a la Brasa Chickenjaus',2),(719,'1 Pollo Inca Cola',1),(720,'Piña',2),(721,'Calamar con Tamarindo y Chaufa',1),(722,'Mini Capresse (Queso mozarella, tomate y albaca)',1),(723,'Lomo A la Plancha',1),(724,'Combinado',2),(725,'Trapiche Chardonnay',1),(726,'Chaufa Teriyaki',2),(727,'Langostinos al ajo',2),(728,'Summer',2),(729,'Lomo saltado con arroz chaufa',1),(730,'Cheesesticks',2),(731,'Café Bombón',1),(732,'Ensalada Fresca Familiar',1),(733,'California',2),(734,'Copa',1),(735,'Asado con ravioles a la bolognesa',2),(736,'12 Pack Cusqueña',1),(737,'Tiradito Mero',1),(738,'Ronda Fría',2),(739,'Spaghetti al Pesto con Apanado',2),(740,'Daiquiri de Limón',2),(741,'Torta Húmeda de Chocolate Rellena de Manjar Blanco',2),(742,'Desayuno Opción 3',2),(743,'Asado Saltado con Verduras',1),(744,'Futo Maki',1),(745,'Precio x 25',1),(746,'1 Pollo + Papas + Ensalada',1),(747,'Ocopa arequipeña',1),(748,'Doble Tuna',1),(749,'Chicharrón de Pollo',1),(750,'Asado Deshuesado con Fideo Chino',2),(751,'1/2 litro',1),(752,'Lomito con Corazón de Mozzarella',2),(753,'Agua Mineral de 1/2 Lt',2),(754,'Sushi Mix',1),(755,'Puro',2),(756,'Desyuno Opción Verano',2),(757,'Causa Tropical',2),(758,'Pollo Saltado a la Criolla',2),(759,'Chorizo',2),(760,'Los Árboles Malbec',1),(761,'Gaseosa Personal',1),(762,'Cabo Blanco',2),(763,'Súper Combo I',2),(764,'Te Quiero',2),(765,'Promoción Para 5',1),(766,'Ensalada Mediterránea',2),(767,'Pollo Tipa-kay',1),(768,'X 100',2),(769,'Parrillera',2),(770,'TABLA #5 (50 unidades de Maki)',2),(771,'Parihuela de Mariscos',1),(772,'Crema de Rocoto',2),(773,'Paquete Ejecutivo # 1',2),(774,'Conchas de abanico',2),(775,'100 gr',2),(776,'Ensalada \"El Juguito\"',1),(777,'Gran Blanco',2),(778,'Medio Litro',2),(779,'Carbonara',2),(780,'Pavo asado',2),(781,'Huevo',1),(782,'Uñas de Cangrejo a la Milanesa',2),(783,'Flor de Caña 4 Años',2),(784,'Pack x 12',1),(785,'Tallarines Saltados Criollos',2),(786,'Mollejitas a la huancaína',1),(787,'Trufas clásicas, amaretto, pisco, ron y licor de naranja',2),(788,'Anticuchos de Lomo (2 Palitos)',2),(789,'Cóctel de langostinos',1),(790,'Torta de chocolate',1),(791,'Cuzqueña Red Lager',2),(792,'Lomo en salsa de langostinos al pisco',2),(793,'Polliaritos Jr + chicha morada 8 oz',1),(794,'Piqueo Bahía Frío',1),(795,'Empanadas',2),(796,'X 6',2),(797,'Mini Causas Clásicas y Espinaca',2),(798,'Combo Kids',2),(799,'Mazamorra Morada (1kg.)',2),(800,'Pescado con Pulpo Personal',1),(801,'Coca Cola 500 ml',2),(802,'Lassagna con Doble Queso',1),(803,'Sudados de Lenguado',1),(804,'Menú del día',1),(805,'Gran Tinto',2),(806,'Ebi Tempura',1),(807,'Chaufa especial',1),(808,'Bisteck a la parrilla',2),(809,'Sanguchito de Huevo con Tocino',1),(810,'Mollejitas de Res',1),(811,'Pollo Saltado con Verduras',1),(812,'De langostino',2),(813,'Saltado con Tausi',1),(814,'Para 3 Personas',2),(815,'Al Forno',1),(816,'Tres Princesas 7',1),(817,'Sánguche Mixto Completo',2),(818,'Tequeños con Guacamole',1),(819,'Lasagna Especial',1),(820,'Pato Pequinés',1),(821,'Chicharrón mixto',1),(822,'Saltada con Yuyo',2),(823,'Chinchulines de Res',1),(824,'Piqueo Nuestra Cocina',2),(825,'Mousse de Fresa',1),(826,'Chancho Cruyoc',2),(827,'500 gr',2),(828,'Papa rellena tradicional',1),(829,'Mollejitas a la parrilla',2),(830,'Cappelletti',1),(831,'Zanahoria',2),(832,'Arroz con Mariscos',1),(833,'36 Porciones',2),(834,'Tacu Tacu Picante de Mariscos',2),(835,'Box x 8',2),(836,'Causa de Pulpa de Cangrejo',2),(837,'Saltado de Fetuccini con Mariscos',1),(838,'Gran Tinto Seco',1),(839,'Fetuccini de espinaca',1),(840,'Combo personal 2',2),(841,'Ye Monks 750 Ml',1),(842,'Elige 4',1),(843,'Chifle',1),(844,'Chilcano de Lenguado',2),(845,'Nueces',1),(846,'Spaghetti Huancaíno',1),(847,'Florencia',2),(848,'Milanesa de pollo',2),(849,'Ajo y Aceite de Oliva',1),(850,'Tequeño con Pulpa Cangrejo',2),(851,'Vegi',1),(852,'Absolut',1),(853,'Ballantines Finest 750 Ml',1),(854,'Parrilla Chickenjaus',1),(855,'Desayuno Arriba Ánimo',1),(856,'Paquete Criollo Opción 2',2),(857,'250 gr',2),(858,'Vaso de chicha morada natural',2),(859,'Ravioles de Carne al Horno Alfredo',2),(860,'Inka Maki 10 unid.',1),(861,'Petitpoms (Profiteroles)',2),(862,'Risotto de Filete de Chorrillana',2),(863,'Lomo saltado a lo pobre',2),(864,'Caja Cristal',1),(865,'Elmo 6',2),(866,'Jalea de Pulpo',2),(867,'Pitufos 1',1),(868,'Desayuno Piropo',2),(869,'A la Chorrillana con Frejoles',2),(870,'Chocoguanabana',1),(871,'Yakuza Maki 5 unid.',1),(872,'Parihuela Chita',1),(873,'Ocopa Marina',2),(874,'Tiradito de Corvina con Pulpo al Olivo',2),(875,'Papa Dorada',2),(876,'Lomito Mixto',1),(877,'Ensalada Urbana',1),(878,'Aguadito de Conchas Abanico',1),(879,'Cocktail Isla',1),(880,'Filete de pescado',2),(881,'Trilogía de tiraditos',1),(882,'Calzone Chicken BBQ',1),(883,'Chuletón de Pechuga de Pavo Colorado',1),(884,'La Huachana',1),(885,'Chicken Katsu',1),(886,'Menta Frappe',2),(887,'Corvina a la Chorrillana',1),(888,'Lúcuma',1),(889,'Lava',2),(890,'Desayuno Opción 2',1),(891,'Para 4 ó 5',1),(892,'Enredados 2',2),(893,'Ceviche fusión',2),(894,'Pilsen Lata',1),(895,'Asado de Tira',1),(896,'Grande',1),(897,'Tostadas Francesas con Miel de Maple',2),(898,'Yucas Fritas',1),(899,'Gold',2),(900,'Winnie Pooh 8',2),(901,'Sudados de Corvina con Mariscos',2),(902,'Fetuccini en Salsa de Mariscos',2),(903,'Agua Mineral 1/2 Litro',2),(904,'Mana con alemendras y chocolate',2),(905,'Tortelloni',1),(906,'Magdalena Semiseco',2),(907,'Tequeños de Langostinos',2),(908,'12 Pack Cristal',2),(909,'Paella con Mariscos',1),(910,'Vegetariana',2),(911,'Con 2 gaseosas personales',1),(912,'Ensalada mixta natural',1),(913,'Tekken Maki 10 unid.',2),(914,'Campestre',2),(915,'Mini tres Leches',2),(916,'Alemana',2),(917,'Panqueque buona vita',1),(918,'Pan al Ajo Especial',1),(919,'Sopa Wantán con pescado con tausi y chaufa',1),(920,'1/4 de pollo + papas + ensalada + 1 palito de anticucho + chorizo',1),(921,'Bife de Chorizo',2),(922,'Crema volteada personal',2),(923,'Conchitas a la parmesana',1),(924,'Cebiche de Pescado',2),(925,'Leche Caliente',2),(926,'Tabernero Gran Tinto',1),(927,'Cerveza Corona 330 ml.',2),(928,'Chaufa de Mariscos',1),(929,'Stolisnaya 750ml',1),(930,'Mousse de Chocolate Belga',1),(931,'Lomo saltado Maki',1),(932,'Carne con verduras y chaufa',1),(933,'Fresa con Plátano',2),(934,'Tiradito Tai',2),(935,'Para 200 Invitados',2),(936,'Lomo saltado oriental',1),(937,'Conchas negras',2),(938,'Sashimi Mixto',2),(939,'Flan de Amaretto',2),(940,'Chorrillana de Corvina',2),(941,'Arroz con Pato',1),(942,'Empanada mixta',1),(943,'Huancaína',1),(944,'Sándwich de Pechuga',1),(945,'Kión',1),(946,'Tacama Selección Especial',2),(947,'Baby Drinks',2),(948,'Cubierta Calamar',1),(949,'Torta de Chocolate en Forma de Corazón',1),(950,'Jugoso de Chita (Sudado)',1),(951,'Pomodoro',1),(952,'Pechuga de Pollo a la Parrilla',1),(953,'Café Capuccino',2),(954,'Chancho asado con verduras',1),(955,'Sánguche Pechuga de pollo',1),(956,'Milanesa de Pollo',1),(957,'Familiar (10 slices)',1),(958,'Rolls de Jamón',2),(959,'Chicharrón',1),(960,'Pollo con Durazno',1),(961,'Tartaletitas de frutas de estación',1),(962,'Pollito Pachamanquero',2),(963,'Salchidog + chicha morada 8 oz',2),(964,'Anís',2),(965,'Personal (4 porc)',2),(966,'1 Litro',2),(967,'Lúcuma y Durazno',2),(968,'Pollo al Limón',1),(969,'Morcillas (2 Unidades)',2),(970,'A la Bolognesa',2),(971,'Yakimeshi de Verduras',1),(972,'Sashimi Fortuno',2),(973,'Gld',2),(974,'Brocheta',1),(975,'Desyuno Opción MINIS',2),(976,'Nuestro Seco Norteño',2),(977,'Pirotines de Chocolate con crema y maraschimo',1),(978,'Hot dog Frankfurt',1),(979,'Philadelphia Roll',2),(980,'Nigiri Sushi de Langostino',1),(981,'Con Fideo Chino',1),(982,'Corvina a la Costa Brava',2),(983,'12 Unidades',2),(984,'Churrasco + papas + ensalada',2),(985,'Lomo al jugo',1),(986,'Anticucho de Lomo',1),(987,'Mix de Frutas',2),(988,'Ponte Vecchio',1),(989,'Taca Rose',2),(990,'Fetuccini a la Huacaina con Pez Espada a la Parrilla',1),(991,'Fresa + plátano + leche',1),(992,'Causa de la Casa',1),(993,'Spaguetti Fetuccini',1),(994,'XL 18 Porciones',2),(995,'Risotto de espárragos y champiñones',2),(996,'Uva',2),(997,'Lomo a la Pimienta',2),(998,'Fullmeat Extreme',1),(999,'Pollo Mala Kay',2),(1000,'Himaki',2),(1001,'Ebi Nuggets',2),(1002,'Kabuki Roll',2),(1003,'Orange Maki',1),(1004,'Pollo con frejolito y chaufa',2),(1005,'Red Label 750 Ml',2),(1006,'Baby Maki 10 unid.',2),(1007,'Pato asado con piña',1),(1008,'Comparte sabor',2),(1009,'Coca Cola 3 Lt',2),(1010,'Jugo Naranja (TETRA) Lt',2),(1011,'Calzone Napolitano',2),(1012,'Mr. Sushi Maki 5 unid.',1),(1013,'Arroz chaufa + 1/4 de pollo solo',1),(1014,'Pollo saltado',2),(1015,'Duraznos al jugo',2),(1016,'Chuleta a la Parrilla',1),(1017,'Agua San Mateo',1),(1018,'Dulces',1),(1019,'Para 4 personas B',2),(1020,'En Ají Amarillo',2),(1021,'Toro Bravo',2),(1022,'Menú Filete Ejecutivo',1),(1023,'Parihuela Criminal',1),(1024,'Causas',2),(1025,'Brochetas de la Casa',1),(1026,'Pionono de Manjar y Fresas (15 porciones)',2),(1027,'Cebiche de Mero',1),(1028,'12 Pack Pilsen',2),(1029,'Jugo de piña + pan con chorizo y papas al hilo',2),(1030,'Chicha Morada Galonera 1L 900ml',1),(1031,'Chorizos (2 Unidades)',1),(1032,'Chaufa con Pollo Tipa Kay',1),(1033,'Chicha Morada (Jarra)',2),(1034,'Sashimi Pulpo',1),(1035,'Asado deshuesado con Piña',2),(1036,'De pollo',1),(1037,'Chita con Frutas',2),(1038,'1. 5 Litro',2),(1039,'Clásica Grande',1),(1040,'Nigiri Ikura',1),(1041,'Camarón Relleno con Almendras',2),(1042,'18 Porciones',1),(1043,'Lomo saltado',2),(1044,'Chaufa con Kam Lu Wantán',2),(1045,'Huachana',1),(1046,'Salsa Rossini',2),(1047,'Chica 10 Porciones',2),(1048,'Arroz blanco',1),(1049,'Krakatoa',1),(1050,'Café expreso',2),(1051,'Bread Sticks x8',1),(1052,'Pan al Ajo Simple',2),(1053,'Picante de Langostinos',1),(1054,'Dominator',1),(1055,'Fresh',1),(1056,'Oferta 3',1),(1057,'Sin Hueso con Tomate',2),(1058,'Apple Twist Pie',2),(1059,'Ensalada mixta',2),(1060,'Temaki California',2),(1061,'Saltado de Langostinos',1),(1062,'Citrus',2),(1063,'Normal',1),(1064,'X 3',1),(1065,'Azul',2),(1066,'Coca Cola',1),(1067,'Gnocchi a  la Crema de Quesos',1),(1068,'Champiñones a la Parrilla',2),(1069,'Crispy',1),(1070,'1/4 Pollo Pobre Chickenjaus',1),(1071,'Cocktail de Erizos',1),(1072,'Sánguche Chorizo Español',1),(1073,'Viña Vieja',2),(1074,'Porción de Pan al Ajo',1),(1075,'1/2 pollo + papas',2),(1076,'Sopa Wantán con pollo con tamarindo y chaufa',2),(1077,'Al mero loco II',1),(1078,'Rose',1),(1079,'Chicha',1),(1080,'Porción de Palta',1),(1081,'Jamón del País',2),(1082,'2 Pizzas americanas familiares + pan de ajo + gaseosa 1.5 L',2),(1083,'Sin helar',2),(1084,'Padrinos Mágicos 3-C',2),(1085,'Ensalada de la Casa',1),(1086,'Piqueo Chicken Fried',2),(1087,'Arroz con Langostinos',2),(1088,'Con champiñones',2),(1089,'A lo meniere',1),(1090,'Chaufa con Pollo Enrollado',1),(1091,'Parihuela de Cabrilla',2),(1092,'Risotto al lomo saltado',1),(1093,'Chuleta de Cerdo',1),(1094,'Limonada Natural',2),(1095,'Acevichado Maki 5 unid.',2),(1096,'Milanesa de Churrasco',1),(1097,'Sanguchitos Caprese',2),(1098,'Chicken Salad grande',2),(1099,'Tallarín Saltado de Corvina',1),(1100,'Chancho al Cilindro (1 Kg)',2),(1101,'Chupe de Pescado con Langostinos',2),(1102,'Parrilla de Mariscos',1),(1103,'Vaso maracuyá 10 oz',2),(1104,'Gaseosa Chica',2),(1105,'Gratis Ensalada Clásica por la compra de 1 pollo a la brasa + Gaseosa 1.5L',1),(1106,'Concentrado de Cangrejos',2),(1107,'Spaghetti frutos del mar',1),(1108,'Pan Adicional',2),(1109,'Oferta 4',1),(1110,'Combo 1 Choripan',2),(1111,'Coca Cola Zero 500 ml',1),(1112,'Chuleta de Cerdo (350 gr)',2),(1113,'Frontera Cabernet Sauvignon',2),(1114,'Leche con Mango',1),(1115,'Light',1),(1116,'Verduras',1),(1117,'Trufas de Nutella',2),(1118,'Pepperoni',2),(1119,'Torta Húmeda de Chocolate Rellena de Fudge',1),(1120,'Ravioles de Carne',1),(1121,'Ronda de la Casa',2),(1122,'Navarro Correas / Los Árboles',2),(1123,'Cebiche de Mi Norte',1),(1124,'Pato Especial Hong Kon',1),(1125,'Macarrones con carne',1),(1126,'Inca Kola 450 ml',1),(1127,'Appleton Special Lt',2),(1128,'Sopa Wantán con chancho con tausi y chaufa',2),(1129,'Frita con Frejoles',2),(1130,'Tres Leches',1),(1131,'Kung Fu Panda 6',2),(1132,'Filet Mignon',1),(1133,'Panqueque con Manjarblanco',1),(1134,'Sanguchitos Asado con Cebolla Blanca',1),(1135,'Jarra completa',1),(1136,'Matusalen 7 Años 750ml',1),(1137,'Vigurt 12 oz',1),(1138,'Kam Lu Wantán',2),(1139,'San Luis',1),(1140,'Bienvenido',2),(1141,'Algarrobina',1),(1142,'Concentrado de Choros',1),(1143,'Tallarin saltado de carne',2),(1144,'Asado saltado con Frejolito',2),(1145,'Saltada con Balsamina',1),(1146,'Parrillera',1),(1147,'Arroz Yakimeshi',1),(1148,'Freixenet Cordon Negro',1),(1149,'Sudados de Mariscos',1),(1150,'Sanguchón de Pollo',1),(1151,'Inca Kola Diet',1),(1152,'Saltado con Taufu',2),(1153,'Cristal Lataza',2),(1154,'Lomo Saltado al Pisco',2),(1155,'Surtido',1),(1156,'Lai Chi con Salsa Blanca',2),(1157,'Cebiche Bahía Light',2),(1158,'Coca Cola 410 ml',2),(1159,'Lasgana de Lenguado',1),(1160,'Vodka Absolut',1),(1161,'Paquete Familiar',1),(1162,'Muffins (6 unidades)',1),(1163,'Arroz Marinero',2),(1164,'Caja 4 unidades',1),(1165,'Baby Chicken Salsa Anticuchera',1),(1166,'Anticuchos de Pollo',2),(1167,'Fetuccini Frutti Di Mare',1),(1168,'Americana',1),(1169,'Morcilla',1),(1170,'Cristalino Cava Brut',1),(1171,'Camarones a la Piedra',1),(1172,'Postales Syrah Mabec',2),(1173,'Phineas y Ferb 2',1),(1174,'Tortilla Sam Si',2),(1175,'Picarones',1),(1176,'1/2 Pollo a la Leña, 1 Porción Mediana de Ensalada, 1 Porción Mediana de Papas Fritas y 2 Inca Kola o Coca Cola 400 ml',1),(1177,'Sopa Wantán con arroz chaufa con pollo',1),(1178,'Cake de Limón',1),(1179,'Spaguetti Fetuccini',2),(1180,'Mero loco II al chef',1),(1181,'Guanábana con Fresa',1),(1182,'Jueves',1),(1183,'Té',2),(1184,'Ajo y Aceite de Oliva',2),(1185,'Tequeños con Mariscos (Docena)',2),(1186,'Verde',2),(1187,'Cebiche de Camarones',2),(1188,'Corazón de Bife',2),(1189,'Tacu Tacu Picante de Langostinos',2),(1190,'Azul',1),(1191,'Sudado Cojina',2),(1192,'Ravioles a la bolognesa',1),(1193,'1/4 de Pollo + Papas + Ensalada',2),(1194,'Acevichado',2),(1195,'Galletas de Avena con Pasas',1),(1196,'Té Anis',1),(1197,'Alfajor',1),(1198,'Dominator D4',1),(1199,'Sudado de Lenguado',2),(1200,'Copa de helado',2),(1201,'Coca-Cola Zero',2),(1202,'Tres Cruces',1),(1203,'Hawaiana',1),(1204,'Coca Cola 1 1/2 Litro',1),(1205,'Arroz chaufa',2),(1206,'Inka Cola',2),(1207,'Cake Tatin de Manzanas',2),(1208,'Lemon Chi-ken',2),(1209,'Lomo con fetuccini a lo alfredo',1),(1210,'Concordia Naranja',1),(1211,'Dieta de Pollo',1),(1212,'Risoto de Camarones',1),(1213,'1 Pizza carnívora familiar + 1 pizza hawaiana familiar + 2 panes de ajo + gaseosa 1.5 L',1),(1214,'Peruano',1),(1215,'2 Kilos',2),(1216,'Lenguado',1),(1217,'Coca Cola Zero 1.5L',1),(1218,'Lenguado Frito',2),(1219,'Risoto Mixto',2),(1220,'Té Nacional',2),(1221,'Pollo Chijau-kay',2),(1222,'Para 6 ó 7',2),(1223,'Jarra de Sangría 1 Litro',1),(1224,'Clásico',1),(1225,'Sakana Furai',2),(1226,'Calamar con verdura y chaufa',2),(1227,'Ensalada Clásica Natural',1),(1228,'50 porciones más',2),(1229,'Sudado Corvina Fuente Mediana',2),(1230,'Bag x 4',1),(1231,'Langostinos',2),(1232,'Limonada',2),(1233,'Jalea de Cojinova',1),(1234,'Saltado con Champiñones',2),(1235,'Capelletti de mozzarella',1),(1236,'Langostinos salteados con verdura al tasual',2),(1237,'Macarrón',2),(1238,'Torta de Chocolate',2),(1239,'Chuleta de cerdo',2),(1240,'Mero a la Pimienta',2),(1241,'Salmón',2),(1242,'Café Cortado (con crema)',2),(1243,'Lenguado en Salsa de Mariscos',1),(1244,'Chicken Salad mediano',1),(1245,'1 Pollo + Ensalada + Papas + Cremas',1),(1246,'Tauc Tacu con Bisteck',1),(1247,'4 unidades',2),(1248,'Red Bull',1),(1249,'De atún',2),(1250,'Gran Cruz Quebranta 750 Ml',2),(1251,'Milanesa Napolitana de Pollo',2),(1252,'Timbal Jahuana',2),(1253,'Cualquier Grande + Coca Cola 1.5L + Breadsticks',2),(1254,'Tacu Tacu de Mariscos',2),(1255,'Lasaña de Lomo Saltado',2),(1256,'Capelletti Donatello',1),(1257,'Alitas de Pollo x8',1),(1258,'Angelina Bellerina 1',1),(1259,'Combo 6 Jamón del País',2),(1260,'Box Regalo 14 Porciones',1),(1261,'Pechuga a la Plancha',1),(1262,'Botella',1),(1263,'TABLA #6 (25 unidades de Maki)',1),(1264,'Penne al Wok',1),(1265,'Maki de ají de gallina',1),(1266,'Ensalada César',2),(1267,'Lenguado al Ajillo',1),(1268,'Anis Najar',1),(1269,'Anticuchos',2),(1270,'50 un',2),(1271,'De Pescado 3 Personas',1),(1272,'Tempura Mixto',2),(1273,'Menú 1: Entrada-  Ceviche  de pescado. Fondo- Jalea de pescado  a la  rigatoni  en salsa  roja',1),(1274,'Chupe Mero',2),(1275,'Infusiones',2),(1276,'Tinto',1),(1277,'1 pollo + papas + ensalada + ensalada + gaseosa de 1lt',1),(1278,'Camote',2),(1279,'Tacu A la Chorrillana',2),(1280,'Pucca 5',1),(1281,'Chocolate tradicional',1),(1282,'Sanguchitos Triples',1),(1283,'Sudado Lenguado Fuente Mediana',1),(1284,'De Res',2),(1285,'Feliz Aniversario',2),(1286,'Agua',1),(1287,'Pechuga a la parrilla',2),(1288,'Especial',2),(1289,'Muffins',2),(1290,'En salsa de Cinchas de abanicos',2),(1291,'2 Unidades',2),(1292,'6 cortes de sashimi y 6 nigiris',2),(1293,'Langostinos dinamita',1),(1294,'Canela',1),(1295,'Leche asada',1),(1296,'Combo Promoción',1),(1297,'Churrasco',1),(1298,'Lenguado Caprese',1),(1299,'La Revuelta',2),(1300,'Lomo saltado',1),(1301,'Anticuchos de Corazón de Res',2),(1302,'Enrrollado de Pollo',2),(1303,'Agua Mineral',2),(1304,'Galletas de la semana',1),(1305,'De Pescado Personal',2),(1306,'15 porciones',2),(1307,'Arroz Chaufa de Carne',1),(1308,'Criollísimo',1),(1309,'Bisteck a la chorrillana',1),(1310,'Ensalada de Atún',1),(1311,'Fondo: Pescado a la plancha con verduras salteadas',1),(1312,'Lambrusco Emilia',1),(1313,'Menú Clásico',1),(1314,'A lo macho',2),(1315,'Bolas de causa con pulpa de cangrejo',1),(1316,'Lomo saltado clásico',2),(1317,'Causa de Camarones',2),(1318,'Zapallo Loche',2),(1319,'Pescado a la Oriental',1),(1320,'Membrillo',2),(1321,'Combinados',2),(1322,'La Mula Doble',1),(1323,'Leche',1),(1324,'Causa de Pulpa de Cangrejo con Cebiche de Pescado',1),(1325,'Lombardi',2),(1326,'Milanesa de Pescado',1),(1327,'Tallarines verdes',2),(1328,'Con Bistec Montado (Huevo Frito)',2),(1329,'Helada',1),(1330,'Sanguchón de Lomo Fino',2),(1331,'Piña Colada',1),(1332,'En Azafate de Pino',1),(1333,'Picante de Camarones',2),(1334,'Lasagna al Horno Vegetariana',2),(1335,'Chicharrón de Pollo Oriental',2),(1336,'Atún',2),(1337,'Seco de Chavelo',2),(1338,'Café con leche',2),(1339,'Pulpo al Olivo',1),(1340,'Bisteck a la parrilla',1),(1341,'Ebi Furai',2),(1342,'Mollejitas de Res',2),(1343,'10 unidades',2),(1344,'Clásica Familiar',1),(1345,'Pizza Individual',2),(1346,'Tiradito de Cojinova al Rocoto',1),(1347,'Causa de Langostinos',2),(1348,'Carne de res',2),(1349,'Puré',1),(1350,'Lenguado en salsa de langostinos al pisco',2),(1351,'Banana Especial II',2),(1352,'Sudado Cojinova Fuente Mediana',1),(1353,'Porción de corazón de pollo',2),(1354,'Trufas',1),(1355,'Saltado de Calamar',2),(1356,'Sudado de Pescado',2),(1357,'Cebiche de Langostinos',2),(1358,'Chicha Morada 1 Litro',1),(1359,'Pescado al Ajo con Ensalada',1),(1360,'Guanábana',1),(1361,'Brochetas de pescado con langostinos',1),(1362,'Mixta Especial',2),(1363,'Café Descafeinado',1),(1364,'Mixto Caliente',2),(1365,'Mega Familiar',1),(1366,'Brochetas Vegetarianas',1),(1367,'Ensalada Natural',1),(1368,'Calzone Especial de Verdura',1),(1369,'Suprema de Pollo',1),(1370,'Pizza Melt Extreme',2),(1371,'Pechuga + papas + ensalada',2),(1372,'Parrilla Taky',1),(1373,'Tacu tacu a lo pobre',1),(1374,'De Camarones',2),(1375,'410 ml',1),(1376,'Parihuela Cojinova',1),(1377,'De lomo fino',2),(1378,'Parrilla Mis Costillitas 1 (Para 2 personas)',1),(1379,'Queirolo Quebranta 750 Ml',1),(1380,'Lunch Spaguetti a lo Alfredo',2),(1381,'Lasagna de Pulpo',1),(1382,'Guindón y Manjar',2),(1383,'Jarra de Limonada',2),(1384,'Picante de Calamar',2),(1385,'Media Jarra',1),(1386,'Fresa con Leche',2),(1387,'Fond de Cave',1),(1388,'Cuye Chactado',1),(1389,'Cebiche de Mariscos',1),(1390,'Choncholi',2),(1391,'Pollo para Todos',2),(1392,'Jamón y Champignones',2),(1393,'Porción de Arroz Blanco',2),(1394,'Aguaymanto',1),(1395,'1,5 Lt',2),(1396,'24 Alfajorcitos',2),(1397,'Lomo saltado \"La Pregonera\"',2),(1398,'Mero',1),(1399,'Risotto de Caracol',1),(1400,'Al Oriental',1),(1401,'Risotto de Camarones',2),(1402,'Menú 1: Entrada- sopa  a la minuta. Fondo- Ají de gallina',2),(1403,'Bombones',1),(1404,'Havana Añejo Especial 750ml',2),(1405,'Agua San Luis Mineral',1),(1406,'Cinnamon Sticks',1),(1407,'Zucchinis Rellenos con Salsa Cheddar',2),(1408,'Carpaccio de lomo',2),(1409,'Tempura',2),(1410,'Parrilla Taky para Dos',1),(1411,'Papa Rellena',1),(1412,'Mapo Tafu',2),(1413,'Sopa criolla',1),(1414,'Crema de champiñones',2),(1415,'2 Anticuchos de res + papas fritas + cremas',2),(1416,'Pollito al Horno',1),(1417,'Papa a la Huancaína',1),(1418,'A lo Pobre Chico',1),(1419,'Tacu-Tacu de Mariscos',2),(1420,'San Luis 410 ml.',2),(1421,'Temaki Alaska',1),(1422,'Caesar s',2),(1423,'Deshuesado con Frejolito',2),(1424,'Pan con chorizo y papas al hilo',2),(1425,'Pescado a la Napolitana con Risotto',1),(1426,'Precio x 100',2),(1427,'Risotto Saltado',1),(1428,'Vargas Puro 750 Ml',2),(1429,'Jagermaister',2),(1430,'Tacu con Saltado de Corvina',2),(1431,'Brochetas de Pollo',2),(1432,'De Verduras',1),(1433,'Oferta 1: Agrandado de 3 Lt (Gaseosa)',1),(1434,'Porción de ensalada',1),(1435,'Latas',1),(1436,'Capa de vino',2),(1437,'Parihuela de Lenguado (Entero)',1),(1438,'Dieta de Pollo + Refresco',1),(1439,'Chaufa con Pollo Chi Jau Kai',2),(1440,'Saltado Mixto',1),(1441,'Molde grande 600gr aprox.',2),(1442,'Milanesa de Pollo con Papas Fritas + Refresco',1),(1443,'Chupín Bahía',1),(1444,'Arroz con Conchas de Abanico',1),(1445,'Yuquitas Fritas',2),(1446,'Tortilla de Corvina',2),(1447,'Deshuesado con Salsa de Ajonjolí',2),(1448,'Star Wars 4',1),(1449,'Uña de Cangrejo',2),(1450,'Menú 2: Entrada- Mollejitas parrileras con papas sancochadas. Fondo-  Pollo en salsa de alcachofa',1),(1451,'Calzone Calabrese',2),(1452,'Ranchi',1),(1453,'Risotto de Langostinos',1),(1454,'Causa Rellena de Mariscos',2),(1455,'Internacional',1),(1456,'Causa de Pollo',2),(1457,'Cerveza Peroni 330 ml.',2),(1458,'Tiradito Bicolor',1),(1459,'Ravioli Tortelloni',2),(1460,'Pan con hot dog y papas al hilo',1),(1461,'Risotto al funghi porcini',2),(1462,'Con lomo saltado la Pregonera',2),(1463,'Choripan + chicha morada 8 oz',2),(1464,'Saru no Yumei (6 Cortes)',2),(1465,'Tiradito Natural',1),(1466,'Al Ajo con Langostinos',1),(1467,'Pescado Arrebozado con Salsa Tártara',1),(1468,'Pollo con Espárragos',2),(1469,'Jamón del Norte',2),(1470,'Pescado Huancaíno',1),(1471,'Tauc Tacu a lo Pobre',2),(1472,'Yuyo Frito',2),(1473,'Con Pescado',2),(1474,'Gaseosas',1),(1475,'Parrilla para dos',1),(1476,'Lasagana vegetariana',2),(1477,'Choripapa Criolla',2),(1478,'Sudado Mariscos',1),(1479,'12 Tequeños con Guacamole',1),(1480,'Ronda Caliente',2),(1481,'Tren Thomas 4',2),(1482,'Granola',2),(1483,'Cebiche de Pescado',1),(1484,'Peruanito',1),(1485,'Jarra',2),(1486,'Casillero del Diablo',1),(1487,'Lenguado en Salsa de Pulpa de Cangrejos',1),(1488,'Vegetariano',1),(1489,'Tempura de Verduras',2),(1490,'Francesitos de pollo o pollo y durazno',2),(1491,'Milanesa de Langostinos',1),(1492,'Gunkan Kani',1),(1493,'Coca-Cola de 600 ml.',1),(1494,'Chupe de Languado (Entero)',2),(1495,'Menú Filete',2),(1496,'Barras Energéticas',2),(1497,'T-Maki',1),(1498,'Caja x 6',2),(1499,'410 ml.',1),(1500,'1/4 de pollo + papas + ensalada + 1  chorizo',2),(1501,'Yakimeshi Especial de Langostinos',1),(1502,'Aguadito Bahía',2),(1503,'Las Ricas Chuletitas',2),(1504,'Tuna',1),(1505,'Tiradito Clásico',2),(1506,'Con alcachofas',1),(1507,'Chilcano de Cangrejo',2),(1508,'Tamal de pollo',2),(1509,'Shot de Anisado de Mono',2),(1510,'Saltado con Chancho',1),(1511,'Gaseosa de 1/2 Lt',2),(1512,'Botella',2),(1513,'Familiar (10 slices)',2),(1514,'Pan al Ajo Clásico',1),(1515,'Pollo a la Plancha',1),(1516,'Cojinova al Vapor',1),(1517,'Paquete 2 - 36 unidades en Tabla',1),(1518,'Parrillada',1),(1519,'400 gr',1),(1520,'900 gr',2),(1521,'Tacu Tacu con Chita a lo Macho',2),(1522,'Con aguaymanti',1),(1523,'Durazno con Guanábana',2),(1524,'Parihuela Lenguado',2),(1525,'Pato con Huevo de Codorniz y Yuyo',2),(1526,'Saltado con Verdura',1),(1527,'Chicharrón de langostinos',2),(1528,'Sanguchón de Roast Beef',2),(1529,'Ebi Kani',1),(1530,'Pomodoro',2),(1531,'1/4 de pollo  + papas',2),(1532,'Lomo al Jugo',2),(1533,'Pollo con Almendras',2),(1534,'Asado Deshuesado al Ajo',2),(1535,'Porción de Arroz',1),(1536,'Feliz Día',1),(1537,'Pizza Grande',2),(1538,'Vaso de chicha 16 oz',2),(1539,'Arroz con Conchas Negras',2),(1540,'Happy Woman',2),(1541,'Churrasco Anticuchero',2),(1542,'Lomo a lo Pobre',2),(1543,'Maracuyá de 1.5 Litros',1),(1544,'Kani Maki 5 unid.',1),(1545,'Refresco de Maracuyá',2),(1546,'Tiradito Perú-Japón',1),(1547,'Sudado Mero',2),(1548,'Ensalada parrillera',1),(1549,'Pimientos Piquillos',1),(1550,'12 Unidades',1),(1551,'Frejoles con seco',1),(1552,'Choripapas',1),(1553,'Cartavio 3 Años 750ml',1),(1554,'En salsa de ajo',1),(1555,'Maracuyá con Papaya',2),(1556,'Pony 2',1),(1557,'Jamón huaracino',2),(1558,'Chaufa de Carne',2),(1559,'Al pesto con anticucho',2),(1560,'Con Cabrito a la Norteña',1),(1561,'Dulce Mañana',1),(1562,'Limonada Frozen 1 Litro',1),(1563,'Hiroshima Maki  5 unid.',1),(1564,'Choclo',2),(1565,'Camote glaseado',2),(1566,'Con Pato',1),(1567,'Lomito Ahumado',2),(1568,'Bisteck a lo Continental',2),(1569,'Milanesa de Bisteck',2),(1570,'Spaghetti a la Huancaína',1),(1571,'1 pollo + papas + ensalada + gaseosa de 1,5 litros',2),(1572,'Puré',2),(1573,'Tiradito  3 Tiempos',1),(1574,'Caja x24',1),(1575,'Membrillo con Durazno',1),(1576,'Grande 15 Porciones',2),(1577,'Risotto de Langostinos a la Huancaína',2),(1578,'Shogun',1),(1579,'Bife Argentino',2),(1580,'Seco de Corvina con Yuca y Arroz',1),(1581,'Asado Deshuesado con Champiñones',2),(1582,'Anticuchos de Corazón (USA-Washington 300 gr)',1),(1583,'Chupe de Mariscos',2),(1584,'Sprite 500 ml',1),(1585,'Pepperoni Rolls',2),(1586,'Yakimeshi de langostino',2),(1587,'Timbal de Langostinos',1),(1588,'Corvina al Ajo',2),(1589,'Pollo con piña',2),(1590,'CHF 11 - Combo Familiar',1),(1591,'Pollo a la brasa',2),(1592,'100 unidades',2),(1593,'Smirnoff 750 Ml',1),(1594,'Arroz chaufa mixto',1),(1595,'Platos de Fondo Opción 1',2),(1596,'Sustancia de Carne',2),(1597,'Fanta 410 ml',2),(1598,'Al natural',2),(1599,'Escorihuela Gascon Malbec',1),(1600,'Fresh Roll',1),(1601,'Chicha Morada (Vaso)',1),(1602,'Flor De Caña 5 Años 750ml',1),(1603,'Parrilla Baby Chicken 3',1),(1604,'Temaki Acevichado',2),(1605,'Malaya a la Parrilla',1),(1606,'Bife Angosto',2),(1607,'Pollo Wa Kay Especial',2),(1608,'Enrollado de Cojinova en Salsa de Mariscos',2),(1609,'Furai',1),(1610,'Orengi Maki',2),(1611,'Sashimi de Conchas',2),(1612,'Manzanilla',2),(1613,'Bread Sticks x8',2),(1614,'Gunkan Langostinos',1),(1615,'Pescado Oriental',2),(1616,'Dominator',2),(1617,'Cebiche de Corvina',1),(1618,'Cake Inglés',1),(1619,'Mollejitas',1),(1620,'Ensalada frutimiel grande',1),(1621,'Seven UP',2),(1622,'Nigiri Ebi',1),(1623,'Empanada de langostinos',2),(1624,'Vigurt 16 oz',1),(1625,'Pescado blanco',2),(1626,'Inka Maki 5 unid.',1),(1627,'Costillas de Cerdo',1),(1628,'Filete de Piernas a las Finas Hierbas',1),(1629,'Pollo con champignones',1),(1630,'Picante de Cojinova',2),(1631,'Saltado de Langostinos',2),(1632,'Café americano',1),(1633,'X 3',2),(1634,'Rizotto al Pesto con Mero Plancha',1),(1635,'Parrillera mediano',2),(1636,'Coca Cola',2),(1637,'Gaseosa La Gordita',1),(1638,'Para 8 personas B',2),(1639,'Porción de Choclo',1),(1640,'Taypa (Personal)',2),(1641,'Empanada de pollo',2),(1642,'Parihuela del Molinero',2),(1643,'Taypa',1),(1644,'Desayuno Light',2),(1645,'Filete de Pollo a la Plancha',2),(1646,'25 porciones',1),(1647,'Risotto de Filete de Corvina',2),(1648,'Hamburguesa con Queso',1),(1649,'Al mero loco II',2),(1650,'Ravioles de queso al pomodoro',1),(1651,'Sin helar',1),(1652,'Escabeche de Pescado con Camote',1),(1653,'Asado con Fideo Chino',2),(1654,'Mixta',1),(1655,'Individual',2),(1656,'Furai Maki',1),(1657,'Asado Deshuesado con Ajonjolí',2),(1658,'Quiche',1),(1659,'Gunkan Salmón / Tartar',1),(1660,'Papaya con Piña',2),(1661,'Pavo al Cilindro',1),(1662,'Daiquiri de Durazno',2),(1663,'Acebichado Roll',1),(1664,'Tacu tacu con lomo',2),(1665,'Carambola',2),(1666,'Conchas de abanico / Hotate',1),(1667,'Para 10 personas A',2),(1668,'Té Anis',2),(1669,'Carne aliñada',2),(1670,'Chirimoya',1),(1671,'Causa de Mariscos',2),(1672,'Melón',1),(1673,'Chupe de Corvina',1),(1674,'Cake de Plátano',1),(1675,'Pato',1),(1676,'Gaseosa Grande',2),(1677,'Pollo Sou Pey con Durazno',2),(1678,'Arroz Chaufa de Mariscos',1),(1679,'Pepperoni',1),(1680,'Minnie Mouse 3',1),(1681,'Chocolate',2),(1682,'Borgoña',1),(1683,'Al Ajo (Salsa al ajo)',2),(1684,'Tallarín saltado de pollo en trozos',2),(1685,'Familión (5 o 6 personas)',2),(1686,'Deshuesado con Fideo Chino',1),(1687,'Arroz con Camarones',1),(1688,'Rocoto Relleno',1),(1689,'Uke Maki',2),(1690,'Tequeños Rellenos',2),(1691,'Al Vapor con Tausi y Mensi',1),(1692,'Litro',2),(1693,'Tacu Tacu a lo pobre',2),(1694,'Milkshake',1),(1695,'Pechuga con Queso y Tocino',2),(1696,'1 Pollo Tequeños con Chicha',2),(1697,'Ironman 1',2),(1698,'Importada',2),(1699,'Francés',1),(1700,'Pescado',1),(1701,'Festival de Tacu Tacu',1),(1702,'Oferta 2',2),(1703,'Chupe de Camarones',1),(1704,'Personal',1),(1705,'Al Sillao con Verduras (Al Vapor)',1),(1706,'Parihuela Tramboyo',1),(1707,'Porción de Asado con Fettuccini',2),(1708,'1 Pollo Tequeños',2),(1709,'Chicharrón Mixto',2),(1710,'Ronda Isla (Para Dos)',2),(1711,'Leche de pantera',1),(1712,'Extractos',1),(1713,'Cau Cau de Mariscos',2),(1714,'Parihuela de Lenguado',1),(1715,'Jugo de Piña',2),(1716,'Alitas de Pollo',2),(1717,'Choripapa Clásica',1),(1718,'Porción de Camote',2),(1719,'Anticuchos de Pollo',1),(1720,'Marucha',1),(1721,'',1),(1722,'Menú Pollo Ejecutivo',1),(1723,'Tortilla de Erizo',2),(1724,'X 12',2),(1725,'Jalea de Camarones',1),(1726,'Chilena',1),(1727,'Criollo de pollo',2),(1728,'Milanesa de Pollo a lo Pobre',1),(1729,'1 Pollo Pierna',1),(1730,'Fetuccini al funghi porcini',1),(1731,'Paquete 1 - 18 unidades en envase descartable',2),(1732,'Inca Kola de 410 ml.',1),(1733,'Combo familiar',1),(1734,'Langostinos al Panko',2),(1735,'Alaska Maki 10 unid.',2),(1736,'Miércoles',2),(1737,'Butifarra',1),(1738,'Timbal de la Casa',1),(1739,'La salchimorena',2),(1740,'Trilogía Bahía',1),(1741,'Mero loco II infiel',1),(1742,'Al olivo',2),(1743,'Pastel Vasco',2),(1744,'Sudado de Chita',1),(1745,'Saltada con Piña',1),(1746,'Sashimi Mix',1),(1747,'Escabeche de Pollo con Camote',1),(1748,'Bisteck Apanado',2),(1749,'Marquesitas de Coco',2),(1750,'Acevichado',1),(1751,'Campari',1),(1752,'Selva Negra',1),(1753,'Ensalada Caprese',2),(1754,'De mero',2),(1755,'Causa de Camarones',1),(1756,'Alitas Broaster en salsa BBQ',2),(1757,'Lava (4 personas, 80 Unidades)',1),(1758,'Hawaiana',2),(1759,'Primavera',1),(1760,'Inka Cola',1),(1761,'Chaufa de pollo',1),(1762,'Ravioli di Carne',2),(1763,'Dieta de Pollo',2),(1764,'Eby Gyosas',1),(1765,'Yuquitas fritas en salsa de huancaína',2),(1766,'Ensalada Cocida Personal',1),(1767,'1/2 Parrilla Chickenjaus',1),(1768,'Fanta 410 ml.',2),(1769,'Carne con pimienta',1),(1770,'12 Porciones',2),(1771,'Lenguado Frito',1),(1772,'Angelitos y Bebitos de Chocolate Blanco y Leche',1),(1773,'Lasagna de Alcachofa',2),(1774,'Pack x 6',2),(1775,'Agua embotellada',2),(1776,'Menú 1: Entrada: Aguadito. Fondo: Chicharrón de pollo con yucas',2),(1777,'Sopa Wantán con pollo con Tausi y chaufa',2),(1778,'Papaya',1),(1779,'Al ají amarillo',2),(1780,'Monster High 2',1),(1781,'Alfajorcitos de Maicena y chocolate',2),(1782,'Jarra de Sangría',1),(1783,'Ají de Gallina',2),(1784,'Salsa al Pesto',2),(1785,'Taqueños de queso o mixtos, con salsa guacamole (Se envían congelados) (Pedido mínimo 50 unidades)',2),(1786,'A la Bolognesa con Mozarella',2),(1787,'Empanada de carne',2),(1788,'Foto Cupcakes',1),(1789,'Causa de Filete de Lenguado',1),(1790,'Rissoto Criollo',1),(1791,'Haruzame Roll',1),(1792,'Chinchulines',1),(1793,'Parihuela Corvina',1),(1794,'Gaseosa de 1 Lt',1),(1795,'Spaguetis con lomo a la pimienta',1),(1796,'Profiteroles en forma de corazón',2),(1797,'Fetuccini Saltado con Lomo, Langostinos y Conchas de Abanico',2),(1798,'Chaufa con pollo , pato y verdura',1),(1799,'Pisco Sour',2),(1800,'Sopa Misoshiru',2),(1801,'Parihuela Cabrilla Fuente Mediana',1),(1802,'Seco Cabrito con Frejoles',2),(1803,'Básico',2),(1804,'Enrollado de Cojinova en Salsa de Pulpa de Cangrejo',1),(1805,'Ocucaje Tinto Fond de Cave',2),(1806,'Estofado de carne',1),(1807,'Parichuela Chita',2),(1808,'Capelleti a la Crema',2),(1809,'Empanadas de carne, pollo, mixta y champiñón (Pedido mínimo 50 unidades)',1),(1810,'Milanesa',2),(1811,'Salchidog + chicha morada 8 oz',1),(1812,'Seco de cabrito',2),(1813,'Media parrilla',1),(1814,'Piscoco',2),(1815,'Costilla de Cerdo a la BBQ',1),(1816,'Swing 750 Ml',2),(1817,'Perú Libre',2),(1818,'Panqueque con Durazno',1),(1819,'Cusqueña Malta',2),(1820,'Parichuela Mixta',2),(1821,'Asado de la Abuela',2),(1822,'Leche de tigre',2),(1823,'En Azafate de Pino para cama',2),(1824,'Tacama Tinto',2),(1825,'Ceviche Maki',1),(1826,'Enrollado de Cojinova a la Florentina',1),(1827,'Ensalada Mexicana',1),(1828,'Moka',2),(1829,'Pavo con champiñones y queso.',2),(1830,'Cheesecake de Oreo',2),(1831,'Papa a la Huanacaína',1),(1832,'En salsa de champiñones',2),(1833,'Ceviche Pulpo',1),(1834,'En salsa de champiñones',1),(1835,'Pollo Chijau-kay',1),(1836,'Arroz Chaufa de Pescado',2),(1837,'Borgoña',2),(1838,'Tacu Tacu con Mariscos',2),(1839,'Tiradito al Olivo',2),(1840,'Pitufos 5',2),(1841,'Brochetas de Mariscos',1),(1842,'Bolognesa',1),(1843,'Shot de sake',2),(1844,'Galletas de Cacao, Algarrobo y Linaza',1),(1845,'2 Unidades',1),(1846,'De Langostinos',2),(1847,'Brownies',2),(1848,'Brownie con Fudge y Helado',1),(1849,'Cigarrillos Lucky Ligth X 10',1),(1850,'Nigiri Sushi de Salmón',2),(1851,'Bisteck Americano',1),(1852,'Seco de carne',2),(1853,'Langostinos al panko',1),(1854,'Té Verde Burbuja',1),(1855,'Cannelloni Carne',1),(1856,'Lenguado en Salsa de Ostión',2),(1857,'1 Litro de Chicha',2),(1858,'La Salchiamazónica',2),(1859,'Mango',2),(1860,'Tallarín Saltado de Cojinova',1),(1861,'Hamburguesa de Lomo de la Casa',2),(1862,'Chupe de Langostinos',1),(1863,'Keke Especial de Temporada',1),(1864,'Picante de Corvina',1),(1865,'Barras dulces con frutos secos',2),(1866,'1/2 Docena',1),(1867,'Menú Clásico',2),(1868,'Pescado a la Plancha',1),(1869,'Chita',1),(1870,'Ropa Vieja con Arroz Congri',1),(1871,'Jugo de Melón',2),(1872,'Salchipapa Clásica',1),(1873,'Sky 750 Ml',2),(1874,'1 docena',1),(1875,'Parrilla Mis Costillitas 2 (Para 2 personas)',1),(1876,'Saltado con Verduras',1),(1877,'Tabernero',2),(1878,'6 Sanguchitos + Jugo y Café',1),(1879,'Mozzarella',2),(1880,'Qb',1),(1881,'Salchipapas',1),(1882,'Molde grande 650gr. Aprox.',2),(1883,'Tamarindo con Durazno',1),(1884,'Corvina a la Florentina',1),(1885,'Pescado blanco',1),(1886,'Blanco',1),(1887,'Chorrillana de Lenguado',1),(1888,'Lenguado al Ajo',1),(1889,'Shake Roll',2),(1890,'Malta Chica',2),(1891,'Filete de pollo',2),(1892,'Hierba Luisa',1),(1893,'Parihuela de Cojinova',2),(1894,'Vino de la Casa 1 Litro',1),(1895,'Coca Cola 1/2 Litro',1),(1896,'Pierna de Chancho al Horno',1),(1897,'Torta de Manjar',2),(1898,'a la Parmesana',2),(1899,'Oferta 1',1),(1900,'Wings',2),(1901,'Sanguchón de Pavo',2),(1902,'Saltada con Champiñones',2),(1903,'Sudado de Pescado',1),(1904,'Ñoquis',1),(1905,'Pulpo / Tako',2),(1906,'Cebiche Mixto Especial',2),(1907,'1 Pollo Pepsi',2),(1908,'Tacu Tacu en Salsa de Langostinos',2),(1909,'Sudado de Corvina',2),(1910,'Canelones con Pollo y Queso',1),(1911,'Choritos a la Chalaca',2),(1912,'Arroz chaufa de pollo a la brasa',1),(1913,'Lasagna de Carne',2),(1914,'Deportivo',1),(1915,'Rollitos de pollo con espárragos',1),(1916,'Langostinos',1),(1917,'Capuchino',2),(1918,'De Puro Pescado',1),(1919,'Cuy Anticuchero a la parrilla',1),(1920,'Crema Volteada (molde 2kg.)',2),(1921,'Sanguchitos Huevo con Tocino',2),(1922,'410 ml',2),(1923,'Asado Deshuesado con Tamarindo',1),(1924,'Tacu Tacu con Camarones',1),(1925,'Donatellíssimo',2),(1926,'Banana Bread',2),(1927,'Fruchetas',2),(1928,'Jarra de Limonada',1),(1929,'Banana Roll',2),(1930,'Papaya, Piña y Fresa',1),(1931,'Tallarín Saldo Mixto',2),(1932,'Sanguchito de Aceituna con Huevo',2),(1933,'Huancaína y Ocopa',1),(1934,'Calamar',2),(1935,'Paletas Personalizadas',1),(1936,'Pollo con verduras',1),(1937,'Salsa Pomodoro',2),(1938,'Leche de Tigre',1),(1939,'Menú Chuleta Ejecutivo',1),(1940,'Pisco 3 Generaciones Mosto Verde',1),(1941,'Para 2 personas B',2),(1942,'100 un',2),(1943,'Mexicano',2),(1944,'Deluxe Familiar + Cheesy Bread',1),(1945,'1/4 Pollo Taky con Papas Fritas, Ensalada y 1 Palito de Anticucho',2),(1946,'Ensalada Clásica',1),(1947,'Tapas (porción)',1),(1948,'1.5 lt',2),(1949,'Pesto',1),(1950,'Black Label 750 Ml',2),(1951,'Saltado de Corvina',2),(1952,'Fettuccini de langostinos en salsa de huancaína',1),(1953,'Pollo',2),(1954,'4 cortes de sashimi y 4 nigiris',2),(1955,'Crumble de manzana',1),(1956,'Premium',2),(1957,'Cocktel de Langostinos',2),(1958,'Ensalada Teriyaki',2),(1959,'Sashimi de Salmón',1),(1960,'Salsa al Alfredo',1),(1961,'Futbol 14',2),(1962,'Lomo Saltado de Carne y Chaufa',1),(1963,'Rose Semiseco',1),(1964,'Bisteck a la Plancha',1),(1965,'Toy Story 7',2),(1966,'Inca Cola Zero',1),(1967,'Pechuga Light',1),(1968,'Coca-Cola',2),(1969,'Parihuela Bahía',1),(1970,'Yucas Sancochadas',1),(1971,'Sopa Wantán con chancho con tamarindo y chaufa',2),(1972,'Porción de mollejitas',2),(1973,'50 Unidades',1),(1974,'Capuccino',1),(1975,'Dulces Tentaciones x7',2),(1976,'De Mariscos Mediano',2),(1977,'Pechuga al Vapor',2),(1978,'Langostinos al Ajillo',2),(1979,'1/2 Pollo',2),(1980,'Panqueque con manjar blanco',2),(1981,'Costillitas Junior',2),(1982,'Magma Roll',1),(1983,'Mándarin Chicken',1),(1984,'Frutado con naranja',1),(1985,'Hamburguesa Especial',2),(1986,'Risotto al Ají con Pollo al Panko',2),(1987,'Porción de Arroz',2),(1988,'Parrilla de Camarones',1),(1989,'De Pescado 6 Personas',1),(1990,'Trufa 50P Algarrobina',1),(1991,'Alfajorcitos de Maicena con Manjar Blanco de Olla',1),(1992,'Convert',2),(1993,'Pachamanca a la Olla',1),(1994,'Sánguche Triple blanco',2),(1995,'Corvina a la Menier',1),(1996,'Milanesa de Carne',2),(1997,'Fugazza',1),(1998,'De la Casa',2),(1999,'Chaufa de Calamar',1),(2000,'Pan con chorizo',1),(2001,'Tri Manjar',2),(2002,'Cebiche Mixto',1),(2003,'Asado',2),(2004,'Asado Deshuesado con Ostión',2),(2005,'Fondo: Ají de gallina',2),(2006,'Inca Kola Light',1),(2007,'Tori Salad',1),(2008,'Anticuchos + papas + ensalada',2),(2009,'Ensalada braza especial',1),(2010,'Unagui Tekatsu',2),(2011,'Rossini',1),(2012,'Jarra',1),(2013,'Ravioles de Camarones',1),(2014,'Vegetariano',2),(2015,'1/4 Pollo',2),(2016,'Caesar',1),(2017,'Pulpo bebé a la parrilla',1),(2018,'Fondo: Carapulcra de pollo',2),(2019,'Ravioles de queso con langostinos',1),(2020,'Tequeño con Mariscos',2),(2021,'Sopa a la Criolla',1),(2022,'Piqueo criollo',2),(2023,'Lomo fino',2),(2024,'Ravioles de Espinaca y Queso al Horno Bolognesa',1),(2025,'Con Verdura Saltada',2),(2026,'Súper Familiar',2),(2027,'Chica',2),(2028,'California Maki 5 unid.',2),(2029,'1 Pollo',1),(2030,'Fondo: Spaghetti a la bolognesa',2),(2031,'Parihuela de mariscos',2),(2032,'Corvina a la Pimienta',2),(2033,'Maracuyá',2),(2034,'Leche con Milo',2),(2035,'Viernes',1),(2036,'Mousse de Chocolate',2),(2037,'Albóndigas a la Bolognesa con Fettuccini',2),(2038,'Tramboyo Frito',2),(2039,'Panzoti de asado en su salsa',2),(2040,'Classic',1),(2041,'Súper Combo III',1),(2042,'Pasta de Lasagna',1),(2043,'Hamburguesa Clásica Más Queso',1),(2044,'Saltado de Pollo',1),(2045,'Higo',1),(2046,'Cerveza Sapporo 330 ml.',2),(2047,'Lasagna de Camarones',2),(2048,'2 Anticuchos de pollo + papas sancochadas + choclo + cremas',2),(2049,'Pescado con Langostinos',1),(2050,'Crema volteada',1),(2051,'Jalea de Langostinos',2),(2052,'Tequeños',2),(2053,'Americana Familiar',2),(2054,'Fritas al Oreganato',1),(2055,'Melanzane a funghetti',2),(2056,'Jarra de Limonada Frossen',1),(2057,'Lasagna de Corvina',1),(2058,'Spiderman 8',2),(2059,'Filete de Corvina',2),(2060,'Yuquitas Sticks con Huancaína',2),(2061,'Grande (8 slices)',1),(2062,'Hot Kani',1),(2063,'Para 5 ó 6 Personas',2),(2064,'Filete de Pechuga Especial',1),(2065,'Angry Birds 3',1),(2066,'Super triple',2),(2067,'Appleton Special 750ml',1),(2068,'Arroz Oriental',2),(2069,'5 Unidades',2),(2070,'Tacu Tacu con Lenguado a lo Macho',2),(2071,'Nuggets con Papas',2),(2072,'Cuba Libre',1),(2073,'Chicharrón de Pollo Estilo La Leña',2),(2074,'Chita en Crema de Ajo',1),(2075,'Ensalada parrillera',2),(2076,'Jalea Real',1),(2077,'Café Cappuccino',1),(2078,'Pollo a la brasa',1),(2079,'Tuco Especial de Carne',2),(2080,'Mixto 6 Personas',2),(2081,'A la pimienta',1),(2082,'Sudado Cojinova',2),(2083,'Tallarines saltados',1),(2084,'1 Pollo a la Leña, 1 Porción Grande de Ensalada, 1 Porción Grande de Papas Fritas y 1 Inca Kola 1.5 lts',2),(2085,'Tacu Tacu Picante de Camarones',2),(2086,'CHF 08 - Combo para 6',2),(2087,'Sopa Soba',1),(2088,'Calamar con Tausi y Chaufa',2),(2089,'De Mariscos Personal',2),(2090,'Canelones de ricotta',1),(2091,'Vino de la Casa (Copa)',1),(2092,'Súper Especial',2),(2093,'Para 2 personas C',1),(2094,'Arroz Chaufa de Corvina',2),(2095,'Piqueo marino',2),(2096,'Sudado Lenguado',2),(2097,'De Calamar Personal',1),(2098,'Causa con Pulpa de Cangrejo',1),(2099,'Huevo a lo Alfredo',2),(2100,'3 unidades',2),(2101,'Chirimoya con Fresa',2),(2102,'Lechón a la Leña',1),(2103,'Fetuccini mar y tierra',1),(2104,'Acho',2),(2105,'Spaghetti a la carbonara',1),(2106,'De Mariscos',1),(2107,'Mango + huevo + jamón',1),(2108,'Choclo del Gringo con Queso Gratinado',1),(2109,'Lasagna Verdi',1),(2110,'Blanco',2),(2111,'Fiesta (12 slices)',2),(2112,'Enrollado en salsa de camarones',2),(2113,'Porción de Chorizo de la Casa',1),(2114,'Sanguchito de Pollo',2),(2115,'Arroz a lo Bahía',1),(2116,'Petipoms',2),(2117,'Papa a la huancaína',2),(2118,'Tiradito el Mero',1),(2119,'Panna Cotta',2),(2120,'Sanguchito de Espinaca con Queso Crema y Tocino',1),(2121,'Para 12 personas A',2),(2122,'Chaufa con pollo con tallarín saltado con Chi Jau Kai',1),(2123,'Sánguche Triple Integral',1),(2124,'Jugo de fresa + pan con filete de pollo',1),(2125,'Arroz con leche (1 kg.)',2),(2126,'5 cortes clásicos, causa y 3 tequeños de 2 quesos',2),(2127,'Buda vegetal',1),(2128,'Toronja',2),(2129,'Extravaganza',2),(2130,'Vainilla',2),(2131,'Osobusco al Vino',2),(2132,'Jelea de Corvina',1),(2133,'Picante de Caracoles',2),(2134,'Tres Leches de Fresa, Caribeña o Chocolate',2),(2135,'Suspiro Maki 5 unid.',2),(2136,'Wakame Salad',2),(2137,'Tallarines rojos con pollo',1),(2138,'Combo personal',1),(2139,'Lasagna',1),(2140,'Mollejitas',2),(2141,'Guarana 3 Lt',1),(2142,'24 Trufas de Chocolate',2),(2143,'De Pescado 4 Personas',1),(2144,'De chocolate',1),(2145,'Teriyaki',1),(2146,'Spaghetti Frutti di Mare',1),(2147,'Saltado con Pato',1),(2148,'Calamares',1),(2149,'Mero loco II al terminador',2),(2150,'Uaskaran',1),(2151,'Café americano',2),(2152,'Tori Maki',2),(2153,'Café Expresso',2),(2154,'Oferta 3',2),(2155,'Tiradito de Corvina',2),(2156,'Porción de Choclo',2),(2157,'Sopa Wantán con pescado con tamarindo y chaufa',1),(2158,'Salchipapa Arcoíris',2),(2159,'Saltada con Taufu',1),(2160,'Jarra de chicha morada natural',1),(2161,'Papaya y Piña',1),(2162,'TNT de Conchas',1),(2163,'Blanca Nieves 3',1),(2164,'Tortilla de Langostinos',1),(2165,'DelyChicha',1),(2166,'Pato Deshuesado al Sillao',1),(2167,'Pulpo',2),(2168,'Helada de Piña al Pisco',2),(2169,'Parihuela Tramboyo Fuente Mediana',2),(2170,'1 jarra',2),(2171,'Parrillada Canastas',2),(2172,'Boliyucas',2),(2173,'Escorihuela Gascon Cabernet Sauvignon',2),(2174,'Filete de Pierna Colorado',1),(2175,'Lomo Saltado a lo Pobre',1),(2176,'Plátano + leche',2),(2177,'Blody Mory',1),(2178,'TNT',2),(2179,'Con conchas negras',1),(2180,'Lasagna de la Casa',1),(2181,'Familiar (8 porc)',2),(2182,'Causa Rellena con Pulpo',1),(2183,'Pescado Fritos con Papas',1),(2184,'Corvina al Vapor',1),(2185,'A lo pobre',1),(2186,'Lomo Fino de Cerdo',1),(2187,'Taipa Especial Hong Kon',1),(2188,'Tacu con Saltado de Lomo Fino',2),(2189,'Cenicienta 4',2),(2190,'Chilcano de Corvina',1),(2191,'Para 300 Invitados',1),(2192,'Melón',2),(2193,'Sanguchito Caprese',1),(2194,'Garlic Parmesan Breadsticks',1),(2195,'Yellow Maki',1),(2196,'Tortilla de Cojinova',2),(2197,'Timbal de Camarones',1),(2198,'Arroz Chaufa de Mariscos',2),(2199,'Parrilla Personal',2),(2200,'Crema de pimiento',1),(2201,'Manzana',2),(2202,'1 Kg',2),(2203,'Agua 500 ml',1),(2204,'Mango + leche',2),(2205,'Mini cupcakes',1),(2206,'De Carnes',1),(2207,'TABLA #2 (120 unidades de Maki)',2),(2208,'1/4 de pollo + papas + ensalada + 1 palito de anticucho',2),(2209,'Chupe de Corvina',2),(2210,'Hiroshima Maki 10 unid.',1),(2211,'Bicolor',1),(2212,'Palta Rellena',1),(2213,'Jamón con Queso',1),(2214,'Ensalada Personal',2),(2215,'Empanada de choclo',1),(2216,'Biblia',1),(2217,'TNT Mixto',1),(2218,'Lenguado al Vapor',2),(2219,'Jarra de Jugo',2),(2220,'Minestrone',2),(2221,'Hawaiian Chick',1),(2222,'Lomo con Puré',1),(2223,'Pan con Pollo',2),(2224,'Fetuccini con Champiñones a lo Alfredo',2),(2225,'Pescado',2),(2226,'Lomo Saltado a la Criolla',2),(2227,'Rafaella',1),(2228,'Fondo: Bisteck a lo pobre',2),(2229,'Personal',2),(2230,'Con Bistec al Jugo',1),(2231,'Club Salchipapa',1),(2232,'Milanesa de Pollo con Papas Fritas y Ensalada',1),(2233,'Las Canastas',2),(2234,'Torta Tres Leches',2),(2235,'Pepsi Cola',2),(2236,'Navarro Correas / Selección Privada',1),(2237,'Caja x24',2),(2238,'Con gaseosa de 1 1/2 lt.',2),(2239,'Especial \"LA Zalamera\"',1),(2240,'Tortilla Langostinos',2),(2241,'Tallarín saltado',2),(2242,'Suspiro Maki  10 unid.',2),(2243,'Sopa minuta',2),(2244,'Sánguche Mixto',1),(2245,'Parichuela Cojinova',2),(2246,'Seco de Cabrito',1),(2247,'TQM',2),(2248,'En salsa de ostión',2),(2249,'Langostino con tamarindo y chaufa',1),(2250,'Tradicional',2),(2251,'Papa con Ocopa',1),(2252,'Oferta económica',2),(2253,'Langostino Saltado con Salsa Kin tu',1),(2254,'Pan fratellis',1),(2255,'Causa Orgia Marina',1),(2256,'Cebiche de Cojinova',1),(2257,'Limón',1),(2258,'',2),(2259,'Vaso maracuyá 10 oz',1),(2260,'Chupe de Lenguado',2),(2261,'Oferta 1: Agrandado de 3 lt (Gaseosa)',2),(2262,'Tramboyo en Crema de Ajo',1),(2263,'Ceviche de pescado',1),(2264,'Cannelloni (Para hornear)',2),(2265,'2 Anticuchos',1),(2266,'Spaguetti',1),(2267,'Timbal Marinera',2),(2268,'Pimento a lo Alfredo',1),(2269,'En Ají de Rocoto',2),(2270,'Mediano',1),(2271,'Doki 6',1),(2272,'Inka Maki',2),(2273,'Palta Rellena de Langostinos',1),(2274,'Mixto',1),(2275,'Parrilla Baby Chicken 2',1),(2276,'Temaki Spicy',2),(2277,'Lunch Ravioles',1),(2278,'Cream Supreme',1),(2279,'Fondo: Tallarín saltado de pollo',2),(2280,'Mixto Completo',1),(2281,'Kiwi con Manzana',1),(2282,'Sánguche Lomo Ahumado',2),(2283,'Limonada Frozen 1/2 Litro',1),(2284,'Parihuela de la Casa Fuente Mediana',1),(2285,'Limonada Frozen Thai',1),(2286,'Nigiri Sushi de Conchitas',2),(2287,'Smoothies',1),(2288,'Triple Kola',1),(2289,'Jugo de Fresa',2),(2290,'Oriental',1),(2291,'Entrada Anticuchos',1),(2292,'Chupe de Camarones (Enteros)',2),(2293,'Bife de Res',1),(2294,'Saltado de Lomo',1),(2295,'Anticuchos de Carne',2),(2296,'Chicharrón de Camarones',1),(2297,'Bata Maki (6 Cortes)',2),(2298,'Duo de Amor',1),(2299,'Canelones con Salsa de Tomate',2),(2300,'Chancho Anticuchero a la parrilla',1),(2301,'Lomo con Tausi',2),(2302,'Gaseosa de 1 1/2 Lt',2),(2303,'Inca Zero',2),(2304,'12 Porciones',1),(2305,'Docena',2),(2306,'Fullmeat',1),(2307,'Mero loco II',2),(2308,'Plátano',1),(2309,'Papaya',2),(2310,'Camarones',1),(2311,'Canelones de ají de gallina',1),(2312,'Blenders Pride 750 Ml',1),(2313,'Tacu Tacu con Lomo Saltado',2),(2314,'Ob',2),(2315,'Pechuga, Filete o Chuleta con Ensalada Mediterránea',2),(2316,'Parrilla de Pez Espada',1),(2317,'24 Porciones',1),(2318,'Ossobuco al Ragú con Spaguetti',1),(2319,'Paquete Ejecutivo # 2',2),(2320,'Leche de Pantera o Tigresa',2),(2321,'Timbal de Mariscos',2),(2322,'Vacío',2),(2323,'Jamón Tipo Davory´s',1),(2324,'Parrillero',2),(2325,'Cuy Chactado',1),(2326,'Fetuccini de Espinaca con Langostinos',2),(2327,'Chicharrón de Panceta',2),(2328,'Gourmet',1),(2329,'A la plancha',1),(2330,'Chicharrón de la Casa',1),(2331,'Deshuesado con Ajo',2),(2332,'Siumai Wantan',1),(2333,'Saltada con Brócoli',1),(2334,'Dominator D4',2),(2335,'Yakitori de Pollo',1),(2336,'Rizotto de Langostinos',1),(2337,'Capitan Morgan',2),(2338,'Concentrado de Pescado',2),(2339,'Tiradito 3 Tiempos de Corvina',2),(2340,'A la Habanaera con Arroz Congri',2),(2341,'Butifarritas (Jamón del País y Lechuga)',1),(2342,'Agua 500 ml',2),(2343,'Leche al mero loco II',2),(2344,'Promoción Para 2',2),(2345,'Sashimi de Lenguado',2),(2346,'Champignones a la Parrilla Clásicos',2),(2347,'Danzka 750ml',1),(2348,'Temaki Tokio',2),(2349,'Porción de Papas',2),(2350,'Capresse',1),(2351,'Costillas de Cerdo en Salsa BBQ (450 gr)',1),(2352,'Copa',2),(2353,'Tako Maki',2),(2354,'Lomo con Verduras',2),(2355,'Arroz Chaufa de Cojinova',1),(2356,'Inca Cola Zero 500 ml',2),(2357,'Intercontinental Familiar',2),(2358,'Chupe de Cabrilla',1),(2359,'1/2 Litro de Limonada',2),(2360,'Piqueo Bahía Caliente',2),(2361,'Mixto 3 Personas',2),(2362,'Linda Nusta',2),(2363,'1 Pollo + Papas + Ensalada',2),(2364,'Crocante',1),(2365,'Lenguado en Salsa de Langostinos',2),(2366,'Buenos Días',2),(2367,'Sanguchito de Pavo',1),(2368,'2 anticuchos de pollo + papas fritas + cremas',1),(2369,'Parmigiana de Berenjena',1),(2370,'Gaseosa 1.5L',2),(2371,'Milanesa de Carne',1),(2372,'Brochetas de Pollo (2 Unidades)',1),(2373,'Anis',1),(2374,'Trio de causas',2),(2375,'Lays 185 grs',1),(2376,'Tamal',2),(2377,'Pollo al Cilindro',1),(2378,'Caldo de choros',1),(2379,'Frutado con maracuyá',2),(2380,'Box x 8',1),(2381,'Lomo Saltado de Pechuga',1),(2382,'Chicharrón de Pescado',1),(2383,'Alitas de Pollo a la Barbacoa',1),(2384,'Lomo A lo Macho',1),(2385,'Rolls de Jamón',1),(2386,'Salados',1),(2387,'Con Pescado Frito',1),(2388,'Combo personal 1',2),(2389,'Mero al Vapor',2),(2390,'1/2 Pollo con Gaseosa 500 ml',1),(2391,'Frapuccino de Frutas',2),(2392,'Empanada ají de gallina',2),(2393,'Pollo Taypá',2),(2394,'Para Dos',1),(2395,'1/2 Docena',2),(2396,'Jarra de 1 litro',2),(2397,'Milanesa de Pollo a lo Pobre + Refresco',1),(2398,'De Chancho Asado',1),(2399,'Churrasco a la Parrilla',2),(2400,'Salchipapa Clásica',2),(2401,'Con mariscos al mero loco II',2),(2402,'Mixto 4 Personas',2),(2403,'La Salchicorta',1),(2404,'Pepsi Cola Light',1),(2405,'Chanchito al cilindro',1),(2406,'Hulk 4',2),(2407,'Gaseosas de 1 1/2 Litros',2),(2408,'Pisco Sur',1),(2409,'Pollo a la parrilla',2),(2410,'Chorrillana Mixta',1),(2411,'Lasagna de Cojinova',1),(2412,'Mollejitas de Pollo',2),(2413,'Torta tres leches',1),(2414,'CHF 04 - Combo para 2',2),(2415,'Cau-cau',2),(2416,'Chicharrón Combinado',1),(2417,'Sandia',2),(2418,'Carne al estilo mongol',2),(2419,'Sauco',1),(2420,'Sashimi de Chita',2),(2421,'Caprese',1),(2422,'Chicharrón Jalea',1),(2423,'Tacu Tacu con Bisteck',2),(2424,'Arroz',1),(2425,'Conchitas a la Parmesana (Docena)',1),(2426,'200 gr',1),(2427,'Tramboyo en Crema de Camarones',2),(2428,'Breadsticks',2),(2429,'Pan al Ajo',1),(2430,'Paella con Carne',1),(2431,'Baby Back Ribs',1),(2432,'Sopa a la Minuta',2),(2433,'Parrilla Mis Costillitas 3 (Para 2 personas)',1),(2434,'Sopa Slukao',1),(2435,'Cebiche de Pulpo',1),(2436,'Pato asado al ajo',2),(2437,'Agua con Gas',2),(2438,'Inca Kola 410 ml.',1),(2439,'Tako',1),(2440,'De Pescado Mediano',2),(2441,'De Roast Beef',1),(2442,'Por ciento',1),(2443,'Causa limeña',1),(2444,'Chita Frita',2),(2445,'Lunch Pizza Personal',2),(2446,'Fettuccini a lo Alfredo con langostinos',2),(2447,'Empanada de camarones',2),(2448,'Con Langostinos',1),(2449,'Havana 7 Años 750ml',2),(2450,'Lasagna de Carne',1),(2451,'Lomo a la huancaína con lasagna de papa',2),(2452,'Anticucho criollo de lomo',2),(2453,'Causa de Pulpa de Cangrejo',1),(2454,'Happy Pack Grande',1),(2455,'Anticuchos de Pescado',1),(2456,'Pan con pollo y apio',1),(2457,'Pulpa de cangrejo',1),(2458,'Limonada 1/2 Litro',2),(2459,'Chifle',2),(2460,'Saltado con Verduras',2),(2461,'Lomo Mar y Tierra',1),(2462,'Chicken Rings',1),(2463,'Ensalada Cocida',2),(2464,'Vegi',2),(2465,'Pollo para la Visita',2),(2466,'Quattro Formaggi',2),(2467,'Croissant de Pollo',2),(2468,'Pescado al Vapor con Ensalada y Papas',1),(2469,'Lomo Tausí',1),(2470,'Pastel de Espinaca',1),(2471,'Ensalada Casera',1),(2472,'Menú Chuleta Ejecutivo',2),(2473,'Combo 7 Lomo Saltado',1),(2474,'Jarra de Sangría',2),(2475,'Brownie de chocolate y pecanas (6 unidades)',1),(2476,'Festival de tiraditos',1),(2477,'Enrollado de Pollo a lo Oriental',2),(2478,'Sopa Oriental',2),(2479,'Ocha',1),(2480,'2 Anticuchos de res + papas sancochadas + cremas',2),(2481,'Deluxe Familiar + Cheesy Bread',2),(2482,'Dúo',2),(2483,'Mango',1),(2484,'Tokio Maki 5 unid.',1),(2485,'Papas Sancochadas',1),(2486,'Pescado en Salsa de Mantequilla Negra con Alcaparras',2),(2487,'Kaipi',2),(2488,'Chupe Cojinova',2),(2489,'Anticuchos Mixto',1),(2490,'Lomo a lo Pobre + Refresco',1),(2491,'Tortilla Mixta',1),(2492,'Club Salchipapa',2),(2493,'Mini Hamburguesa de carne',1),(2494,'Coca Cola Zero 500 ml',2),(2495,'Ensalada de Frutas',2),(2496,'Cebiche de Conchas Negras',2),(2497,'Alfredo',2),(2498,'Menta',1),(2499,'Cupcakes Six-Pack',1),(2500,'Gunkan',2),(2501,'Pollo Fun quin Chong Long',1),(2502,'Nabo encurtido',2),(2503,'Crema Catalana',2),(2504,'Picante de Mariscos',2),(2505,'Bisteck a la Plancha',2),(2506,'Chicharrón',2),(2507,'Sudado Tramboyo Fuente Mediana',1),(2508,'Chicken Teriyaki',2),(2509,'Polliaritos',1),(2510,'Coca-Cola',1),(2511,'Tortilla de Langostinos',2),(2512,'Red Label 375 Ml',1),(2513,'Chicha Morada 1/2 Litro',1),(2514,'Fondo: Picante de carne',2),(2515,'Capuccino',2),(2516,'Mate digestivo',1),(2517,'Dulces Tentaciones x7',1),(2518,'Pollo a la Romana',2),(2519,'Whisky Etiqueta Roja',1),(2520,'Energizante Monster 473 Ml',2),(2521,'Spaghetti a la Bolognesa',1),(2522,'1/2 Pollo',1),(2523,'Agnolotti en salsa de nueces',2),(2524,'Fanta',1),(2525,'Papa al Horno',1),(2526,'Jarra de Limonada Forzen Chicha',2),(2527,'Durazno',2),(2528,'CHF 10 - Combo para 6',1),(2529,'Sanguchón de Pierna de Chancho',1),(2530,'Bl',2),(2531,'Chinguirito',2),(2532,'Avengers 1',1),(2533,'Leche Pantera',1),(2534,'Triada de tiraditos',1),(2535,'Vegetariana',1),(2536,'Salsa de Nueces',2),(2537,'Brochetas de Lenguado',2),(2538,'Sub',2),(2539,'Saltado con Fideo Chino',1),(2540,'Escabeche de Pescado con Frejoles',1),(2541,'Corvina en Salsa de Champiñones',2),(2542,'Asado Deshuesado con Yuyo',1),(2543,'Sudado Cabrilla Fuente Mediana',1),(2544,'Risoto a la huancaína con brochetas de lomo a la pachamanca',1),(2545,'Corvina a lo Macho',1),(2546,'Rossini',2),(2547,'La Mula Doble',2),(2548,'Deshuesado con Tamarindo',2),(2549,'Chupe Lenguado',1),(2550,'Asado con Tamarindo',2),(2551,'Nigiri Chita',1),(2552,'Fiesta',1),(2553,'Crocante de Lúcuma',2),(2554,'Vat 69 750 Ml',1),(2555,'Chicha Morada x Vaso',1),(2556,'Pie de Piña',2),(2557,'Súper Familiar',1),(2558,'Pechuga a la Hawaiana',1),(2559,'1 Pollo',2),(2560,'Conchas Acevichadas',1),(2561,'Con Papas Fritas',2),(2562,'Huevos Fritos con Jamón y Tostadas',1),(2563,'Saltado con Huevo de Codorniz',1),(2564,'Con mariscos',1),(2565,'Campanita 1',2),(2566,'Parihuela de Chita',1),(2567,'1 DelyPollo',1),(2568,'Pastel de Acelgas',2),(2569,'Causa Triple Marino',2),(2570,'Tiradito de la Casa',2),(2571,'3 Lts',1),(2572,'Coca Cola 410 ml.',1),(2573,'Pastel de Zanahoria',1),(2574,'Alfajores clásicos',1),(2575,'Corvina en Salsa de Pulpa de Cangrejo',1),(2576,'Lomito de Langostinos',1),(2577,'Coca - Cola',1),(2578,'Un delicioso pollo a la brasa',1),(2579,'Chicano',1),(2580,'Tuna Crispy',2),(2581,'Porción de Asado con Spaguetti',1),(2582,'Chaufa con pollo, pato y tamarindo',1),(2583,'Carapulcra limeña con costillar de cerdo',2),(2584,'Sardegna',2),(2585,'Arroz con Mariscos Especial',1),(2586,'Latas',2),(2587,'Lomo A la Pimienta o Peper Steak',1),(2588,'Personal (4 porc)',1),(2589,'Pato grillado',2),(2590,'Jugo de Naranja',2),(2591,'Salchipapa Bravaza',2),(2592,'A la Bolognesa',1),(2593,'Con pimienta',1),(2594,'Astica 2011',1),(2595,'Camarones a la Plancha',2),(2596,'Naranja',2),(2597,'Hot Kani',2),(2598,'Asti Riccadonna',1),(2599,'Chaufa con pollo Taypa',1),(2600,'Cebiche Clásico',2),(2601,'Aproximadamente 1/2 Kilo',1),(2602,'Chorizo Casero Alemán',1),(2603,'Parrilla Marina',1),(2604,'Un cuarto de pollo a la brasa',2),(2605,'Aceituna + pollo + huevo',1),(2606,'Tacu-Tacu con Lomo al Jugo',2),(2607,'De Pulpa de Cangrejo',2),(2608,'Lasagna Carne',2),(2609,'Deluxe',2),(2610,'Asado con Piña',1),(2611,'Grande 8 Porciones',2),(2612,'Mini Brownie',2),(2613,'Jamón y Queso',2),(2614,'Maki Anticuhero',2),(2615,'Pan con Chicharrón',1),(2616,'Arroz con Pollo',1),(2617,'Lenguado a la Chorrillana',1),(2618,'Baby Bife',1),(2619,'Ronda Fría del Molinero',2),(2620,'Coctel de Camarones',1),(2621,'Espinaca',2),(2622,'Acholado',1),(2623,'Hamburguesa Don Vasco',2),(2624,'Tacu Tacu con Corvina a lo Macho',1),(2625,'Empanada de queso',1),(2626,'Gnochi',1),(2627,'Lasagna Buona Vita',1),(2628,'1/2 Pollo a la Brasa',1),(2629,'Budín San Gustitos',2),(2630,'Mokaccino',1),(2631,'Sakana Ball',2),(2632,'XL 12 Porciones',2),(2633,'Causa de langostinos',1),(2634,'Uñas de Cangrejo Arrebozadas',2),(2635,'1 1/2 Litro',2),(2636,'Pavo',1),(2637,'Red Maki',2),(2638,'Hotmanía',1),(2639,'Bebé de Chocolate Blanco',1),(2640,'Pancita',1),(2641,'Vino Tinto',2),(2642,'Alitas a la BBQ',1),(2643,'Choclo del Gringo',2),(2644,'1 Kilo',2),(2645,'De Pescado Personal',1),(2646,'Cartavio Black 750ml',2),(2647,'En Azafate de Pino',2),(2648,'Picante Mixto',1),(2649,'Cinnamon Rolls',1),(2650,'Causa Marinera',2),(2651,'Surtido',2),(2652,'Leche de Pantera',2),(2653,'Té Jazmín',1),(2654,'Triple',2),(2655,'Beef Teriyaki',2),(2656,'Fetuccini',2),(2657,'Para 7 Personas',1),(2658,'Americano',1),(2659,'18 Porciones',2),(2660,'Porción de Papas Fritas',2),(2661,'Risotto al culantro con lomo al jugo',1),(2662,'Sánguche de Chicharrón',1),(2663,'Spaghetti',2),(2664,'Salsa Rossini',1),(2665,'1/2 jarra',1),(2666,'Tuna tartare',1),(2667,'6 días de alimentación completa (Consta de 3 comidas + snack - Aporta 1,200 Kcal. Aprox) IGV y delivery diario incluido.',1),(2668,'Lasagna al Horno Alfredo',1),(2669,'Tequeños de Lomo Saltado',1),(2670,'Promoción Para 3',2),(2671,'Café',1),(2672,'6 Unidades',2),(2673,'Lasagna',2),(2674,'Cabrilla Frita',1),(2675,'Filete de Lomo Fino',2),(2676,'Asado con Chap Suy',1),(2677,'Teriyaki',2),(2678,'Gunkan',1),(2679,'Lasagna de Ají de Gallina',1),(2680,'Lasagna al Horno Bolognesa',2),(2681,'Menús Criollos',1),(2682,'Limonada Frozen Vaso',2),(2683,'1 Pollo Taky con Papas Fritas y Ensalada',1),(2684,'Normal',2),(2685,'Chancho al Cilindro',1),(2686,'Salchicheddar con Tocino',2),(2687,'Fondo: Locro con bisteck',1),(2688,'Hawaiano',2),(2689,'Papas Fritas Mis Costillitas',1),(2690,'Especial de la Casa al Horno',2),(2691,'Festival de Chorizos',2),(2692,'Timbal de Langostinos',2),(2693,'La salchiamazónica',1),(2694,'Brochetas Mixta',1),(2695,'Blender s',2),(2696,'Chicharrón Calamar',2),(2697,'La salchipapa mixta',2),(2698,'Paella',1),(2699,'Pescado Frito con Yucas Fritas',2),(2700,'Papaya con Piña',1),(2701,'Cheesecake de Aguaymanto',1),(2702,'Medallón de Lomo Fino (350 gr)',1),(2703,'Sheridans',2),(2704,'Alcachofa',1),(2705,'Pierna de Pollo Deshuesada a la Parrilla',1),(2706,'TNT',1),(2707,'Con Chuleta',2),(2708,'Nigiri Tako',2),(2709,'Minuta',1),(2710,'Wantan Frito',2),(2711,'Pomarolla',2),(2712,'Papa s Cinnapie',2),(2713,'1/4 Pollo Taky con Papas Fritas y Ensalada',2),(2714,'Molde chico 325 gr. Aprox.',2),(2715,'Navarro Correas Colección Privada',2),(2716,'Vaso de Jugo',2),(2717,'Oferta 4',2),(2718,'Chicharrón de Lenguado',1),(2719,'De 2 Personas',2),(2720,'Oferta 1',2),(2721,'Timbal de Camarones',2),(2722,'Menú 2: Entrada- Crema  de verduras. Fondo- Pollo  al romero',1),(2723,'Sanguchitos Aceituna con Huevo',1),(2724,'Bisteck a lo Pobre',2),(2725,'Familiar (8 porc)',1),(2726,'Green Samurai',1),(2727,'Sudado de Langostinos',1),(2728,'Pollo Cinco Sabores',2),(2729,'Batidos',2),(2730,'Kamlú Wantán Individual',1),(2731,'Frita con Frejoles',1),(2732,'Arroz Chaufa de Camarones',2),(2733,'Canelón de cangrejo',2),(2734,'Fugazzeta',1),(2735,'Anticucho de Corvina',1),(2736,'Tiradito de Pulpo',1),(2737,'Risotto de Filete de Lenguado',1),(2738,'Chickensticks',2),(2739,'Capricho',2),(2740,'Palta Rellena',2),(2741,'Jarra completa',2),(2742,'Blanco Fina Reserva Seco',2),(2743,'Clásica Familiar + Breadsticks',1),(2744,'Futbol 9',2),(2745,'Sánguche Asado de Res',1),(2746,'Sudado Mixto Fuente Mediana',2),(2747,'Hawaiian Chick',2),(2748,'Piqueos Snack Mediano / Papa Lays',2),(2749,'Havana Club',1),(2750,'De 3 Personas',2),(2751,'De 5 Personas',2),(2752,'Majarisco tumbesino',2),(2753,'Parrilla Familiar Clásica',1),(2754,'Conchas a la parmesana',2),(2755,'Trapiche Merlot',2),(2756,'Cake Esponjoso de Chocolate y Plátano',1),(2757,'Arroz con Leche',2),(2758,'1 Pollo Chicha',2),(2759,'Club sandwich',2),(2760,'Cebiche Súper Clásico',1),(2761,'Desayuno Cariñoso',2),(2762,'Choripapa Ahumada',2),(2763,'Sakana Tataki',2),(2764,'Saltado con Taufu',1),(2765,'15 Unidades',1),(2766,'Ensalada Cocida Familiar',1),(2767,'Arroz chaufa de langostino',2),(2768,'Nigiri Unagui',2),(2769,'Enrollado de pollo',1),(2770,'Mojito',1),(2771,'Sudado Chita',2),(2772,'Chorizo al Cilindro',2),(2773,'Huancaíno',2),(2774,'Gaseosa 1.3L',2),(2775,'Tradicional',1),(2776,'Enrrollado con Espárragos',2),(2777,'Tiradito de Trambollo',2),(2778,'Lomito de Lenguado',1),(2779,'Ravioles de la Nona',1),(2780,'Chicha Morada Vaso',2),(2781,'Mojito a lo Peruano con Pisco',1),(2782,'Saltado con Piña',2),(2783,'Limón',2),(2784,'Sudado de Tramboyo',1),(2785,'Fondo: Pescado a la chorrillana',2),(2786,'Tiradito en Crema de Camarones',1),(2787,'Mix parrillero',2),(2788,'Pizza Grande (2 ingredientes) + Garlyc Parmesan Breadsticks + 1 gaseosa 1.5 Lt.',2),(2789,'Cebiche Chinguirito',2),(2790,'Personal de 20 cm.',1),(2791,'Croissant Mixto',1),(2792,'500 ml',2),(2793,'Humita',1),(2794,'Pollo Silao Kay',2),(2795,'Spaghetti con osobuco en salsa napolitana',1),(2796,'Gnochi',2),(2797,'Cebiche de la Casa',1),(2798,'Chupe Camarones',2),(2799,'Parihuela de Corvina',2),(2800,'Té verde',2),(2801,'De Chancho',1),(2802,'Bandera Morena (Ocopa, huancaina, Rocoto)',1),(2803,'Pan con chicharrón, camote y zarza',1),(2804,'Mixto',2),(2805,'Infusión',1),(2806,'Ensalada de Verano',2),(2807,'Con Ensalada',1),(2808,'Ravioli di Espinaca',2),(2809,'Pollo con TAU-SÍ',2),(2810,'Con Lomo',2),(2811,'Oficial',2),(2812,'Tacu Tacu con Filete de Pollo',2),(2813,'Copa de Limonada Frossen',1),(2814,'Jalea de la Casa',2),(2815,'Mini croissant mixto',2),(2816,'De Verano',1),(2817,'Inka Kola 1 1/2 Litro',1),(2818,'1 pollo + papas',1),(2819,'1/4 de Pollo + Papas + Ensalada',1),(2820,'Causa Pregonera',2),(2821,'Solo',2),(2822,'Triple Kola',2),(2823,'1/2 Kam Lu Wantán',1),(2824,'Pastel de Choclo',1),(2825,'Café Pasado',2),(2826,'Gaseosa de 1/2 Litro',2),(2827,'Frutas de estación',1),(2828,'Raviolis con Salsa de Tomate',2),(2829,'TABLA #3 (80 unidades de Maki)',1),(2830,'Mousse de Fresa y Chocolate Blanco',2),(2831,'Saltado con Ostión',1),(2832,'Cubierta Pulpo',1),(2833,'Olivo Roll',1),(2834,'Coca-Cola Zero de 600 ml.',1),(2835,'Bruschetta',2),(2836,'Cerveza Negra',1),(2837,'Salsa Alfredo',2),(2838,'Filete de Pescado',1),(2839,'Lenguado a lo Macho',1),(2840,'Galleta de la fortuna',1),(2841,'Sopa de Choros',1),(2842,'Tarta de Frutas',1),(2843,'Plátano',2),(2844,'Carne con verduras',2),(2845,'Cebiche Carretillero',1),(2846,'Clásico',2),(2847,'Piña',1),(2848,'Sánguche de Lomito Ahumado',1),(2849,'24 Marquesitas de Coco',1),(2850,'Lasagna Vegetariana',2),(2851,'Pollo saltado clásico',1),(2852,'Cake de Naranja y Chocolate',2),(2853,'Tres Leches de Chocolate',2),(2854,'Osobuco',1),(2855,'5 unidades',1),(2856,'Pollo en Salsa de Champiñones',2),(2857,'Tacu Tacu de la Casa',1),(2858,'Chupe de Lenguado',1),(2859,'Tacama Etiqueta Negra',1),(2860,'Asado Deshuesado con Frejolitos',2),(2861,'Baby Maki  5 unid.',1),(2862,'Chicharrón de calamar',1),(2863,'Fanta 500 ml',2),(2864,'Barney 9',1),(2865,'Tiradito 3 Tiempos de Lenguado',1),(2866,'Ensalada Taky',1),(2867,'Salado',1),(2868,'Calzone Jamón y Queso',1),(2869,'Gourmet',2),(2870,'Causa Tradicional La Limeña',2),(2871,'Carapulcra',2),(2872,'Precio x 25',2),(2873,'De lomo fino',1),(2874,'100 porciones',1),(2875,'Grants 750 Ml',2),(2876,'Champiñones',1),(2877,'Para Mamá',1),(2878,'Jarra de Chicha',1),(2879,'Pollipapa Clásica',1),(2880,'Don Calzzone',2),(2881,'Al Jugo con Papas Fritas y Ensalada',2),(2882,'Manzana con Durazno',2),(2883,'Coca Cola Zero',2),(2884,'CHF 02 - Combo para 2',1),(2885,'Blue Cheese',2),(2886,'Box Regalo 14 Porciones',2),(2887,'Lomo Saltado + Refresco',2),(2888,'Arroz Chaufa de Lenguado',2),(2889,'Ravioles de Langostinos',2),(2890,'Mandarina',1),(2891,'Jack Daniel s',2),(2892,'Salchipapa Especial',1),(2893,'Gaseosa 1.5 L',2),(2894,'Fondo: Chuleta con pepian de choclo',2),(2895,'Medio Litro',1),(2896,'Langostino con tausi y chaufa',2),(2897,'Tequila Jose Cuervo Rubio',1),(2898,'Sudado De la Casa Fuente Mediana',1),(2899,'Cebiche de Erizo',2),(2900,'Bailey s',2),(2901,'Tinto',2),(2902,'Jugos',1),(2903,'Fideos a la Huancaína con Lomo',2),(2904,'Fashion Roll',2),(2905,'Sudado Tramboyo',1),(2906,'Pollo Saltado + Refresco',2),(2907,'Spicy Roll',2),(2908,'Pechuga Mis Costillitas',2),(2909,'Manto (2 personas, 40 Unidades)',1),(2910,'Especial',1),(2911,'1/8 Niño Octavio',2),(2912,'Mixta Personal',1),(2913,'Coca Cola 500 ml',1),(2914,'Gaseosa Litro',2),(2915,'Fideos',1),(2916,'Osobusco',1),(2917,'Porción',1),(2918,'Corvina a la Plancha',1),(2919,'Filete de Pechuga a la BBQ o Mexicana',1),(2920,'Pato a la Laguna',1),(2921,'Malfatti',2),(2922,'Sanguchito de Butifarra',2),(2923,'Ensalada Especial',2),(2924,'Leche Tigre',1),(2925,'Jugos Frozen',1),(2926,'Saltado de Sagitario',2),(2927,'Piqueo Bahía Secreta',2),(2928,'De Calamar Mediano',2),(2929,'Tacu-Tacu con Bisteck',2),(2930,'De tramboyo',1),(2931,'Palta a la Jardinera',1),(2932,'Lomo Fino de Res',2),(2933,'Combo 5 Pavo',2),(2934,'Mario Bros 5',2),(2935,'Cheesecake Horneado',2),(2936,'Double Black 750 Ml',1),(2937,'Olluquito con Carne',1),(2938,'En Crema de Rocoto',2),(2939,'Spaguetti a la Parmesana',1),(2940,'Champignones a la Parrilla Especiales',2),(2941,'5 cortes',2),(2942,'La Salchicorta',2),(2943,'TABLA #4 (60 unidades de Maki)',1),(2944,'Helada',2),(2945,'Chicken Roll Oriental',2),(2946,'Tamales verdes',2),(2947,'Sublime',1),(2948,'Ceviche de Pescado',2),(2949,'Leche Tigre',2),(2950,'Cheesy Bacon x8',2),(2951,'Cancha',2),(2952,'Panqueque con Manjar Blanco',1),(2953,'Chuletas de Parrilla (2)',1),(2954,'Pizza Fiesta Americana',2),(2955,'Pilsen',2),(2956,'Salsa Bolognesa',2),(2957,'Jugo de Papaya',2),(2958,'Chorrillana de Cojinova',1),(2959,'Parrilla Personal',1),(2960,'Pan Caprese',1),(2961,'Al Ajo con Ensalada',1),(2962,'Pack x6',2),(2963,'Alfajores de Maicena',2),(2964,'Pepsi Cola',1),(2965,'Pollo grillado',1),(2966,'Mixto especial',1),(2967,'Tiramisú',1),(2968,'Caja x 24',1),(2969,'Endúlzate',1),(2970,'Helado o Sorbets (Vaso de 4oz.)',1),(2971,'Yogurt Frutado',2),(2972,'Lasagna de pulpa de cangrejo y langostinos',1),(2973,'De Pescado Mediano',1),(2974,'Tiradito Nikkei',1),(2975,'Riñones',1),(2976,'Salchichortita Jr + chica morada 8 oz',2),(2977,'Con Pollo',1),(2978,'Raviolis a la Bolognesa',1),(2979,'Mix fresh',2),(2980,'Asado con Tomate',2),(2981,'Chicha Morada Burbuja',1),(2982,'Sudado de Camarones',2),(2983,'Spaguetti a la Bolognesa',2),(2984,'Cerveza Cuzqueña',2),(2985,'Calamar',1),(2986,'Marquise de chocolate',1),(2987,'Mero',2),(2988,'Pizza Melt Extreme',1),(2989,'La Linda 2008',1),(2990,'Guargüeros con Manjar (10 unidades)',2),(2991,'Chupe de Pescado',1),(2992,'Sandia con Guanábana',1),(2993,'Kuss Stroopwafels de Chocolate',1),(2994,'Pescado Frito con Frejoles',1),(2995,'Cojinova',2),(2996,'Carbonara',1),(2997,'Choripapa',1),(2998,'Estiradita Clásica',1),(2999,'Costillitas Oficiales',1),(3000,'Para 4 personas A',2),(3001,'Cebiche de Lenguado',1),(3002,'Chocolate',1),(3003,'Media Jarra',2),(3004,'Tacu Tacu en Salsa de Uñas de Cangrejo',1),(3005,'Pescado a la Menier',2),(3006,'Rocoto Arequipeño',2),(3007,'Honey Chicken',2),(3008,'1,5 Lt',1),(3009,'Lúcuma',2),(3010,'Fettuccine al Alfredo',2),(3011,'Tacu Tacu con Langostinos',1),(3012,'Saltado con Langostinos',1),(3013,'Sashimi Tataki de Atún',1),(3014,'Caja Cusqueña',1),(3015,'Chicharrón de Pulpo',2),(3016,'Con Lomo Fino',1),(3017,'Asado de Tira',2),(3018,'Lomito de Corvina',1),(3019,'Tai-Kokonatsu',2),(3020,'Risotto de Camarones',1),(3021,'Tacu Tacu con Corvina',1),(3022,'Sopa Wantán con pollo con verdura y chaufa',1),(3023,'Caja x 100',2),(3024,'1.5L',2),(3025,'Sudado Corvina',1),(3026,'Conchitas a la Parmesana',2),(3027,'Meats',2),(3028,'Omelette con Jamón y Tostadas',1),(3029,'It',1),(3030,'Menú 1: Entrada- Chupe de la abuela. Fondo- Tallarines verdes con bistec',2),(3031,'Causa Rellena con Pulpa de Cangrejo',1),(3032,'Coca Cola 1,5 L',1),(3033,'Peras',2),(3034,'La Huachana',2),(3035,'Rizotto de Mero',2),(3036,'1/4 de pollo + papas + ensalada +  gaseosa personal',1),(3037,'2 brochetas de pollo',1),(3038,'Picante de Mariscos',1),(3039,'Paquete Criollo Opción 1',2),(3040,'Queirolo Magdalena',1),(3041,'Brochetas de Pollo',1),(3042,'Vaso maracuyá 16 oz',1),(3043,'De Corvina Personal',2),(3044,'Campestre',1),(3045,'Osobusco Gourmet',1),(3046,'La Salchimorena',1),(3047,'35 porciones',1),(3048,'Litro y Medio',1),(3049,'Lasagna a la Bolognesa',1),(3050,'Chupe de Camarones',2),(3051,'con Frosting',1),(3052,'Maruchita',2),(3053,'Filete de Pechuga Mis Costillitas',1),(3054,'Tabernero Gran Tinto',2),(3055,'Arroz a la Pregonera',1),(3056,'Torta de Frutas',1),(3057,'Brochetas de Mer',1),(3058,'Ensalada de la Casa',2),(3059,'Causitas al panko',1),(3060,'Orgasmo',1),(3061,'Cerveza Cusqueña 330 ml.',2),(3062,'Pollo Tipa Kay',1),(3063,'Sopa Criolla',2),(3064,'Ensalada Bahía',2),(3065,'Pie  de Limón',2),(3066,'Ravioles de ricotta',2),(3067,'Alaska Maki 5 unid.',2),(3068,'Arroz con Pato',2),(3069,'Del Chef',2),(3070,'Pallares con lomo',1),(3071,'Tacama Selección Especial',1),(3072,'Brocheta de Lomo en Salsa Anticuchera',2),(3073,'Brochetas de Lomo (2 Unidades)',2),(3074,'1 Pizza vegetariana familiar + 1 pizza de la casa familiar + 1 pan de ajo + gaseosa 1.5 L',1),(3075,'Picante de Pulpo',1),(3076,'Pollo Entero al Cilindro',2),(3077,'Gordomblu de Pollo',1),(3078,'Choripapa Criolla',1),(3079,'Saltada con Verduras',1),(3080,'Hot Dog',2),(3081,'Tamarindo',2),(3082,'Piquenachos',2),(3083,'Pato petit',2),(3084,'Parichuela Corvina',1),(3085,'6 porciones',2),(3086,'Con Bistec Apanado',1),(3087,'Sprite',1),(3088,'Ensalada Mis Costillitas',1),(3089,'Gaseosa',1),(3090,'Tacu-Tacu con Langostinos',2),(3091,'Sanguchón Caprese Caliente',2),(3092,'Fiesta',2),(3093,'Amor en Llamas',1),(3094,'8 cortes de sashimi y 8 nigiris',1),(3095,'Apanada con Papas Fritas y Ensalada',1),(3096,'410 ml.',2),(3097,'Lasaña de Mariscos',2),(3098,'Seco de Pato con Frejoles',1),(3099,'Brioche de camote o papa amarilla',2),(3100,'Baby Chicken Clásico',2),(3101,'Bisteck apanado',1),(3102,'De Pollo',2),(3103,'Picante de Camarones',1),(3104,'Con cangrejo y palta',2),(3105,'Calzone Paraíso',1),(3106,'Saltado de Calamar',1),(3107,'Tortilla Española',1),(3108,'Coca Cola 410 ml.',2),(3109,'Tarta de frutas de estación',1),(3110,'Alfajores clásicos',2),(3111,'Nigiri Sake',1),(3112,'Cerveza Chica',1),(3113,'Legumbres Salteadas',1),(3114,'6 unidades',1),(3115,'1/2 DelyPollo',1),(3116,'Ron Appleton Rubio',2),(3117,'Chilcano de Pescado',2),(3118,'Tuna Crispy Maki  10 unid.',2),(3119,'Agua Mineral San Luis',1),(3120,'Fullmeat Extreme',2),(3121,'Galletas Surtidas',2),(3122,'Inka Cola 500 ml',1),(3123,'Familiar de 30 cm.',2),(3124,'5 cortes',1),(3125,'Cifrut 3 Lt',1),(3126,'Arroz con Camarones',2),(3127,'Mickey Mouse 9',1),(3128,'Pepsi 1.3 L',2),(3129,'Vaso de chicha 16 oz',1),(3130,'Fettuccini a lo macho',1),(3131,'Puré de la Casa',2),(3132,'Pollo con Tausi',2),(3133,'Menú Filete Ejecutivo',2),(3134,'Yasai Maki 5 unid.',1),(3135,'I Lov U',2),(3136,'24 Muscadinas',2),(3137,'Yakimeshi Mixto',2),(3138,'Sanguchón Butiyork (Tipo Davory´s)',1),(3139,'Con Gas',2),(3140,'Pulpa de Olivo',2),(3141,'Sudado Chita Fuente Mediana',2),(3142,'Chorizos (2 Unidades)',2),(3143,'Con Pechuga de Pollo',1),(3144,'Pescado a lo Bahía',1),(3145,'Timbal de Mariscos',1),(3146,'Opción 2',1),(3147,'Naranjada',1),(3148,'Parrillada Canastas',1),(3149,'Italia',1),(3150,'Choclo',1),(3151,'Cocaditas',1),(3152,'Asado Deshuesado Solo',1),(3153,'½ jarra',1),(3154,'Costillar a la Parrilla',2),(3155,'Con sauco',1),(3156,'Lomo Fino a la Parrilla',1),(3157,'Mate de coca',2),(3158,'Parrillada de pollo (pechuga de pollo especial) + papas sancochadas + ensalada y cremas',2),(3159,'Cusqueña',2),(3160,'Chilcano de Cojinova',1),(3161,'De conchas negras',2),(3162,'Pan al Ajo',2),(3163,'700 gr',1),(3164,'Cabrito a la Norteña',2),(3165,'Lomo en Salsa Huanacaina con Fetuccini',1),(3166,'Lasagna 4 Quesos',2),(3167,'Café Moka',2),(3168,'Corvina a la Napolitana',2),(3169,'Fondo: Pachamanca a la olla de pollo',2),(3170,'Picante de Langostinos',2),(3171,'Mar y tierra',1),(3172,'Croissants Mixtos',2),(3173,'Hamburguesa Royal',2),(3174,'Bruschetta',1),(3175,'Sanguchitos Alcachofa con Queso Edam',2),(3176,'Lunes',1),(3177,'Cebiche Bahía',1),(3178,'Chilcano de Pisco',1),(3179,'Frita',2),(3180,'Nuggets',1),(3181,'A la Plancha con Ensalada',1),(3182,'9 Unidades',1),(3183,'Lomo Especial',1),(3184,'Pierna Ahumada de Pavo',2),(3185,'Con ajo',2),(3186,'Apple Martini',1),(3187,'Las Moras Malbec',2),(3188,'Fanta 500 ml',1),(3189,'Triple Clásico',1),(3190,'Smirnoff',2),(3191,'Yakimeshi Especial de Pollo',1),(3192,'Brochetas de Corvina',1),(3193,'Chicha',2),(3194,'1/2 Litro de Chicha',2),(3195,'Champiñones caprese',1),(3196,'Jamón del País',1),(3197,'Quiche de Poro',2),(3198,'Café Cappuchino',2),(3199,'Papa s',2),(3200,'Menú Pollo',1),(3201,'Anis del Mono',1),(3202,'Con mariscos al olivar',1),(3203,'La Chibolita',1),(3204,'Inka Kola 1,5 L',1),(3205,'Arroz Chaufa de Langostinos',2),(3206,'Pan especial',2),(3207,'Seven UP',1),(3208,'Panamitos con lomo',2),(3209,'Dulce',1),(3210,'Saltado de Caracol',2),(3211,'Risotto de Champiñones',2),(3212,'Sánguche Galifardo',2),(3213,'Veggie Tofu',2),(3214,'Frankfurter',2),(3215,'Vainilla y Manjar',1),(3216,'Frozen',1),(3217,'Huevos Fritos con Tostadas',1),(3218,'Trencitas de ajonjolí',2),(3219,'Salchicheddar con Tocino',1),(3220,'Gratis Ensalada Clásica por la compra de 1 pollo a la brasa + Gaseosa 1.5L',2),(3221,'Gaseosa Mediana',1),(3222,'Filete de Pechuga',1),(3223,'Nuggets',2),(3224,'Parrilla La Extrema 1 (Para 4 personas)',2),(3225,'Timbal Tropical',1),(3226,'Ravioles de Carne',2),(3227,'Arroz Chaufa de Pollo',1),(3228,'Tortilla de Mariscos',2),(3229,'Sopa Wantán de pollo',2),(3230,'Piernita de Pollo',2),(3231,'Piqueo Mis Costillitas',2),(3232,'Pachamanca',1),(3233,'Chaufa con pollo con frejolito con pollo con tipacay',2),(3234,'Piernitas al limón',1),(3235,'Jalea Acevichada',2),(3236,'Martes',2),(3237,'Copa de Algarrobina',2),(3238,'Tiramisú',2),(3239,'Sopa Wantán con combinado chaufa y tallarín',1),(3240,'Bistec a lo Pobre + Refresco',1),(3241,'Con leche',1),(3242,'Para 15 personas B',1),(3243,'Sudado Mixto',2),(3244,'Tartita de Fruta de la Pasión',1),(3245,'Simple',2),(3246,'Bienvenido',1),(3247,'De Dieta de Pollo',1),(3248,'La Salchiblanca',2),(3249,'Flor De Caña 4 Años 750 Ml',2),(3250,'Combinado 2',2),(3251,'Pescado a la Napolitana (En salsa blanca)',1),(3252,'Fresa',1),(3253,'Superman 6',2),(3254,'Para 6 personas A',1),(3255,'Hawaiano',1),(3256,'Ronda Marina Nueva (de 2 a 3 personas)',2),(3257,'Pollo Saltado',1),(3258,'Aproximadamente 1 Kilo',2),(3259,'Alferado Acholado 750 Ml',2),(3260,'Parihuela de Mero Fuente Mediana',1),(3261,'Bisteck a lo Pobre',1),(3262,'Para 4 personas D',1),(3263,'Ronda Marina',1),(3264,'Hígado a la Parrilla',2),(3265,'1 Pollo a la Brasa',1),(3266,'Canelloni de Manzana',1),(3267,'Agua personal',1),(3268,'Cocktail de Camarones',2),(3269,'Cebiche de Conchas de Abanico',2),(3270,'Chicken Tenders',1),(3271,'Club Sandwich',1),(3272,'50 un',1),(3273,'Jugo de Mango',1),(3274,'Parmesano Roll (6 Cortes)',2),(3275,'Tacu tacu con bisteck apanado',2),(3276,'100 un',1),(3277,'Tabernero Cabernet Sauvignon',1),(3278,'Light',2),(3279,'Parrilla La Extrema 2 (Para 4 personas)',2),(3280,'Americana',2),(3281,'Para 10 personas B',1),(3282,'Copa de Vino',1),(3283,'Café Cortado',1),(3284,'Sudados de Corvina',1),(3285,'Nacional',1),(3286,'Sarandaja',1),(3287,'Combo 4 Hamburguesa 377',2),(3288,'Mixto Personal',1),(3289,'Nuggets + gaseosa personal',2),(3290,'Maná',1),(3291,'Cuy con Papa',1),(3292,'15 Unidades',2),(3293,'Té',1),(3294,'Corvina en Salsa de Camarones',1),(3295,'Verde',1),(3296,'Cheesy Bread x8',1),(3297,'1/8 de pollo a la braza + gaseosa personal',1),(3298,'Ensaladas frutimiel grande + helado',1),(3299,'Pepperoni Rolls',1),(3300,'Sprite 500 ml',2),(3301,'Mero Frito',1),(3302,'Empanada de cangrejo',2),(3303,'Para 15 personas A',2),(3304,'Alamos Cabernet Sauvignon',1),(3305,'Tortilla Camarones',2),(3306,'Limonada Frozen',1),(3307,'Pollo a la Parmesana',2),(3308,'Risotto Marinero',1),(3309,'Saltado con Piña',1),(3310,'Nigiri Sushi de Pulpo',1),(3311,'Para 4 personas C',1),(3312,'Vaso de Chicha Morada',1),(3313,'Sanguchón Mixto Completo',1),(3314,'Cristal',2),(3315,'Ensalada César con Pollo',2),(3316,'Causa al olivar',2),(3317,'Pollo con Champiñones',2),(3318,'Para 6 personas B',2),(3319,'Concordia Naranja',2),(3320,'1/2 Pollo + Papas + Ensalada',1),(3321,'1 1/2 Litro',1),(3322,'Parichuela Tramboyo',2),(3323,'2 Kilos',1),(3324,'Pequeña',2),(3325,'Paquete 3 - 72 unidades en Tabla',1),(3326,'Coca Cola Zero 1.5L',2),(3327,'Shot de Pisco Acholado',1),(3328,'Caja 8 unidades',2),(3329,'Makimona Furai',1),(3330,'Corvina en Salsa de Langostinos',2),(3331,'En Salsa de Langostino',2),(3332,'Pollo con piña',1),(3333,'Shot de pisco',1),(3334,'Tequeños con Langostinos (Docena)',1),(3335,'1/4 Pollo Taky con Papas Fritas, Ensalada y 1 Chorizo Parrillero',2),(3336,'Combos Marinos',1),(3337,'A la Napolitana (En Salsa Blanca y Champignones)',1),(3338,'Pizza Grande (2 ingredientes) + Garlyc Parmesan Breadsticks + 1 gaseosa 1.5 Lt.',1),(3339,'Causa Tradicional La Chalaca',1),(3340,'Junior',2),(3341,'Queirolo Primadona',1),(3342,'Chef Salad',2),(3343,'Ravioli di Ricotta',2),(3344,'Criolla',1),(3345,'Sanguchitos Duples',1),(3346,'Ensalada Caprese',1),(3347,'1/4 de pollo',1),(3348,'Chaufa con pollo con verduras con Tipakay',1),(3349,'Lomo a la Huancaína',2),(3350,'Arroz a la Chiclayana de Mariscos',2),(3351,'Sirenita 6',1),(3352,'Almuerzos por 5 días (Plato fondo, postre y snack - Aporta 650 Kcal aprox.) IGV y delivery diario incluido.',2),(3353,'Fetuccini a lo alfredo',1),(3354,'Clásica',2),(3355,'Comida ligera por 5 días (Plato fondo, postre y snack - Aporta 400 Kcal aprox.) IGV y delivery diario incluido.',2),(3356,'Papa al Horno',2),(3357,'Mozzarella',1),(3358,'Panqueque',1),(3359,'Strognoff',1),(3360,'Chorizo Parrillero',1),(3361,'Chaufa achichorranado',2),(3362,'Italiana',1),(3363,'Saltado con Pollo',1),(3364,'Baby Chicken Salsa Pachamanca',2),(3365,'6 Sanguchitos + Jugo',2),(3366,'Té Manzanilla',1),(3367,'Tiradito Mixto',2),(3368,'Menú 1: Entrada- Menestrón. Fondo- Menestrón',2),(3369,'Oferta 2',1),(3370,'Lentejitas con bisteck',1),(3371,'Cualquier Grande + Coca Cola 1.5L + Breadsticks',1),(3372,'Ravioles',1),(3373,'Cordon Bleu de Pollo',1),(3374,'Sashimi de Atún',1),(3375,'Canelones del Chef',2),(3376,'Pollo Tipakay',2),(3377,'TABLA #1 (160 unidades de Maki)',2),(3378,'Pollo Chi Jau Kay',2),(3379,'Festival de Causas',1),(3380,'Lasagna de alcachofa y champiñones',2),(3381,'Russkaya',1),(3382,'My Little Pet Shop 1',1),(3383,'Explosión de chocolate',2),(3384,'Pechuga a la Parrilla',1),(3385,'Tacu Tacu Filete de Lenguado',2),(3386,'Red Label',2),(3387,'Chilcani de Pisco',1),(3388,'Chinchulines',2),(3389,'Tacu Tacu con Cojinova a lo Macho',1),(3390,'Sprite 3 Lt',1),(3391,'Cars 4',2),(3392,'Familiar',1),(3393,'Picante de Lenguado',1),(3394,'Tallarín Saltado de Lenguado',2),(3395,'Chicharrón de pescado a la hawaiana',1),(3396,'Infusiones',1),(3397,'Al tiempo',2),(3398,'Timbal de Filete de Lenguado',1),(3399,'Arroz con Choclo',1),(3400,'Frejoles',1),(3401,'Sánguche Pollo deshilachado',2),(3402,'Algarrobina',2),(3403,'Lomito de Cojinova',2),(3404,'Agua',2),(3405,'Galleta de Avena',1),(3406,'Ensalada Mixta Personal',1),(3407,'Ensalada Completa',2),(3408,'Don Calzzone',1),(3409,'Enrollado de jamón y queso',2),(3410,'Medellin 750ml',2),(3411,'Parmesano',1),(3412,'Agua San Luis',2),(3413,'Fondo: Lentejas con guiso de carne',2),(3414,'Mango con Fresa',2),(3415,'Chita en su Sal',2),(3416,'Sauvignon / Malbec',1),(3417,'Molde chico 400gr. Aprox.',1),(3418,'Sorrentini Panna',2),(3419,'En Azafate de Pino para cama',1),(3420,'Barena Lata',2),(3421,'Chicha x Vaso',1),(3422,'Gnocchi',1),(3423,'Vaso de limonada',1),(3424,'Risoto con conchas y calamares',1),(3425,'Tostadas',2),(3426,'Langostino con verdura y chaufa',2),(3427,'Ceviche de lenguado',1),(3428,'Chorito a la Chalaca (Docena)',2),(3429,'Inglés',2),(3430,'2 Pizzas Grandes de 1 Ingrediente',1),(3431,'Risotto al Ají con Lomo',2),(3432,'Chicharrón de Cojinova',1),(3433,'Lasagna Bolognesa',1),(3434,'Porción de Mollejita',2),(3435,'Desayuno Amanecer',1),(3436,'Pie',1),(3437,'Provolone al orégano',1),(3438,'Pimientos Rellenos con Salsa Cheddar',1),(3439,'Bolognesa',2),(3440,'Tallarines verdes',1),(3441,'Nigiri Shiromi',2),(3442,'Toy Story 12',1),(3443,'Ravioles de Mariscos',2),(3444,'Sin Hueso con Piña',1),(3445,'Spaghuetti con langostinos',1),(3446,'Criollo',2),(3447,'Coca Cola 450 ml',1),(3448,'Causa Francesa',2),(3449,'Atún',1),(3450,'Champiñones rellenos con almendras',1),(3451,'Pescado a la Chorrillana con Frejoles',2),(3452,'Monster High 6',2),(3453,'Chocomoya',2),(3454,'Panqueque con Helado y Durazno',1),(3455,'Lomito de Camarones',2),(3456,'10 unidades',1),(3457,'1/2 Litro',2),(3458,'De Calamar Mediano',1),(3459,'Temaki Inka',1),(3460,'Chicharrón por Kilo con Camote y Salsa Criolla',2),(3461,'1/4 de Pollo Taky con Papas Fritas, Ensalada y 1 Morcilla',1),(3462,'Postre del Día + Chicha o Café',1),(3463,'Cerveza Pilsen 330 ml.',1),(3464,'Anticuchos de la Casa',2),(3465,'Cojinova a la Pimienta',1),(3466,'Porción de 3 Unidades de Pescado',1),(3467,'Dragon Maki',2),(3468,'Alaska',2),(3469,'Bisteck Simple',1),(3470,'Inca Kola',2),(3471,'Risotto de langostinos',2),(3472,'Tallarines rojos',2),(3473,'Bandera (3 Sabores: tradicional y rocoto)',2),(3474,'Qb',2),(3475,'Sudado Conchas Negras',1),(3476,'TABLA #4 (60 unidades de Maki)',2),(3477,'Saltada con Frejolitos',2),(3478,'Empanada o Tamal + Chicha o Café',1),(3479,'Spaguetti Caprese',1),(3480,'Bistec a lo Pobre',2),(3481,'Para 2 personas A',2),(3482,'Mega Familiar',2),(3483,'Scugnizzo',2),(3484,'Tallarín de Camarones',2),(3485,'Causa Limeña',2),(3486,'Cheesy Bacon x8',1),(3487,'Parrilla Baby Chicken 1',2),(3488,'Kamikaze Maki 5 unid.',2),(3489,'Frutado con mandarina',1),(3490,'Havana Añejo 3 Años Blanco 750ml',1),(3491,'Pizza Fiesta Americana',1),(3492,'Frutado con piña',1),(3493,'Con limón',2),(3494,'Granadilla',2),(3495,'Ebi Furai Maki',1),(3496,'Anticuchos de Res (2 Palitos)',1),(3497,'Café Expreso Concentrado',1),(3498,'Chocolucuma',1),(3499,'Salchipapa Chickenjaus',1),(3500,'Saltado con Tamarindo',2),(3501,'Nigiri Sushi de Cangrejo',1),(3502,'Mini Quiches de Alcachofa, Jamón o Tocino',2),(3503,'1,5L',2),(3504,'Escabechado de la casa',2),(3505,'Tostadas con Mantequilla y Mermelada',2),(3506,'Tuna Crispy Maki 5 unid.',1),(3507,'Pepsi 3 Lt',2),(3508,'Taypa Especial Hong Kon',1),(3509,'Salchichortita Jr + chica morada 8 oz',1),(3510,'Parihuela Mixta',1),(3511,'800 gr',2),(3512,'Fetuccini Especial',1),(3513,'600 gr',1),(3514,'Saltado',2),(3515,'Cerveza Cuzqueña',1),(3516,'Al ajo crocante',2),(3517,'Blue',2),(3518,'Canelones de anchoveta',2),(3519,'Sudado de Cojinova',2),(3520,'36 Porciones',1),(3521,'CHF 06 - Combo para 4',2),(3522,'Tacu Tacu en Salsa de Camarones',1),(3523,'Fetuccini a lo Fabián',2),(3524,'Sangría (Jarra)',2),(3525,'Pechuga con Queso',1),(3526,'Alfajores mix',1),(3527,'San Luis 410 ml.',1),(3528,'Calzone Capresse',1),(3529,'Pepsi Cola Light',2),(3530,'Tiradito de Corvina al Rocoto',2),(3531,'Piqueo Entre Causas',2),(3532,'Pechuga',1),(3533,'Precio x 100',1),(3534,'Sudado de Lenguado (Entero)',2),(3535,'Chilcano de pescado',1),(3536,'Vino de Coca',2),(3537,'Salchipapa',1),(3538,'Omelette con Tostadas',2),(3539,'Leche con Fresa',2),(3540,'Cerveza Rubia Cristal',2),(3541,'Cascas',1),(3542,'Pilsen',1),(3543,'Select',1),(3544,'Saltado con Langostinos',2),(3545,'Un pollo + papas + ensalada + 4 palitos de anticucho y gaseosa 1.5 lt',1),(3546,'Biondi Italia',1),(3547,'Con maracuyá',2),(3548,'Sanguchitos Pollo',1),(3549,'Ensalada Clásica',2),(3550,'Sudado Corvina',2),(3551,'Parrilla Bahía Marina',1),(3552,'Lenguado a la Plancha',2),(3553,'Pollo saltado a lo pobre',2),(3554,'Napolitana',2),(3555,'Mini triples de palta, tomate y huevo (Pedido mínimo 50 unidades)',1),(3556,'Para 2 personas D',2),(3557,'Pan con filete de pollo y lechuga',1),(3558,'En Verduras Huancaina',2),(3559,'De Chita',1),(3560,'Banana Especial',2),(3561,'Jugo Surtido',2),(3562,'Parpadelle Lomo Encantado',1),(3563,'Pollo a la Parrilla',1),(3564,'Ensalada frutimiel / loncheras',2),(3565,'Tortilla Conchas de Abanico',2),(3566,'Ossobuco Donatello',1),(3567,'Casillero del Diablo Cabernet Sauvignon',1),(3568,'Brownie',2),(3569,'Tipakay',1),(3570,'Gaseosas',2),(3571,'1.5 Litros',2),(3572,'Temaki Furai',1),(3573,'Tropical',1),(3574,'Res',2),(3575,'Empanada hawaiana',2),(3576,'9 Unidades',2),(3577,'Ravioles de espinaca',2),(3578,'Daiquiri de Fresa o Durazno',1),(3579,'Maruchita',1),(3580,'Parrilla para 2',1),(3581,'Parihuela Lenguado Fuente Mediana',1),(3582,'Sudados de Mero',1),(3583,'Lenguado a la Pimienta',1),(3584,'Salsa Bolognesa',1),(3585,'Tiradito de Cojinova al Limón',1),(3586,'Marmoleado',2),(3587,'Parihuela de Pescado',1),(3588,'Timbal de Pulpa de Cangrejo con Champiñones',2),(3589,'Brochetas de Carne',1),(3590,'Con Masa elástica',2),(3591,'Tallarín Mixto',1),(3592,'Asado con Nabo',1),(3593,'Enrrollado de pollo al ostión',1),(3594,'Vaso',2),(3595,'Milanesa de Cojinova',1),(3596,'Del Chef',1),(3597,'Parihuela',1),(3598,'Tramboyo al Ajillo',1),(3599,'Agua sin Gas',2),(3600,'Nutritivo Desayuno Pura Energía',2),(3601,'Brochetas de Lomo (2 Unidades)',1),(3602,'Fugazza',2),(3603,'Malfati (Gnocchi)',1),(3604,'Cerdo al Ajo',2),(3605,'Salteado de verduras',2),(3606,'Tortilla de Camarones',2),(3607,'Cebiche Mixto',2),(3608,'Malbec / Bonardo',1),(3609,'Filete Mignon',1),(3610,'Inca Kola Light',2),(3611,'Tiradito 3 Tiempos de Cojinova',2),(3612,'Tallarín saltado especial',1),(3613,'+ Gaseosa 1.5',1),(3614,'Vasos',2),(3615,'Mozzarella in carroza',1),(3616,'Cerveza Pilsen',1),(3617,'6 porciones',1),(3618,'Opción 1',1),(3619,'Tacu Tacu con Cojinova',1),(3620,'Sorrentinos',2),(3621,'Jalea de Lenguado',2),(3622,'Alfajores de chocolate',2),(3623,'Agnolotti en salsa de alcachofa y champiñones',2),(3624,'Café con Leche',1),(3625,'Pulpo a los Dos Olivos',2),(3626,'Tortilla de Pulpa de Cangrejo',1),(3627,'Chicha Morada 1L 900 ml',1),(3628,'Ensalada Provenzal',1),(3629,'Apanado con Tallarines Verdes',1),(3630,'Asado Deshuesado con Verduras',1),(3631,'Choritos a la Chalaca',1),(3632,'Gnocchi al ají de gallina',1),(3633,'Kaisen Salad',2),(3634,'Papitas Fritas',2),(3635,'Jarra de chicha morada',1),(3636,'Tuna con Piña',1),(3637,'35 un',1),(3638,'Arroz a la Chiclayana de Pescado',2),(3639,'Parrilla familiar',1),(3640,'Frutti de Mare',1),(3641,'Temaki Vegetarian',1),(3642,'Canelones de cangrejo',1),(3643,'Ravioles de Pulpo',1),(3644,'Jalea Mixta',2),(3645,'Estiradita Extrema',2),(3646,'Hueos Revueltos con Jamón y Tostadas',1),(3647,'1/2 Pollo Taky con Papas Fritas y Ensalada',2),(3648,'Picante de Cuy',2),(3649,'Arroz Mixto de la Casa',1),(3650,'1/4 de pollo + papas  + ensalada',1),(3651,'Langostinos a la parmesana',2),(3652,'Inca 1 1/2 litro',2),(3653,'Chaufa',1),(3654,'Kamikaze Maki  10 unid.',2),(3655,'Rojo',1),(3656,'Blue Cheese',1),(3657,'Tacu con Seco de Corvina',2),(3658,'Hielo 3 Kg',1),(3659,'Ensalada Energética',1),(3660,'La Linda Malbec',1),(3661,'Asado con Taufu',1),(3662,'Pato grillado',1),(3663,'Té en Tetera',2),(3664,'Depredadora Familiar',1),(3665,'Sopa de cebolla',2),(3666,'Caesar s',1),(3667,'Pollo al Curry',2),(3668,'Menú Especial',1),(3669,'Cuba Libre',2),(3670,'4 Unidades',1),(3671,'24 Unidades',2),(3672,'Yakitori',2),(3673,'Inca Kola Diet de 410 ml.',1),(3674,'Expreso',2),(3675,'Bruschetta Especial',1),(3676,'Café Cappuccino',2),(3677,'Personal de 20 cm.',2),(3678,'Panqueque de la casa',2),(3679,'Langostino Cristal',2),(3680,'Yuca sancochada',2),(3681,'Seco de Pato',2),(3682,'Tallarines verdes con bisteck apanado',2),(3683,'Palta con Leche',1),(3684,'TNT Salmón',2),(3685,'10 cortes',1),(3686,'Anticuchos de Res (2 Palitos)',2),(3687,'Cerveza',1),(3688,'Corona Bot.',2),(3689,'Lima Roll',1),(3690,'Chicharrón de Calamar',2),(3691,'Enrollado Especial Kay Kim',1),(3692,'Coca Cola Zero',1),(3693,'Anricucho de Pescado',1),(3694,'Pack x 4',2),(3695,'Ensalada Dos Tenedores',1),(3696,'Con Chancho',2),(3697,'Fuji Maki',1),(3698,'3 unidades',1),(3699,'Tiradito de Corvina y Camarones en Crema Ají Amarillo',2),(3700,'Chaufas',1),(3701,'2 pollos + papas + ensalada',1),(3702,'Queirolo Acholado 750 Ml',2),(3703,'Al Sillao con Verduras (Frita)',2),(3704,'Tequeños de Pulpa de Cangrejo',1),(3705,'Manzanilla',1),(3706,'Familiar de 30 cm.',1),(3707,'Grant s',2),(3708,'Cebiche de Corvina',2),(3709,'Yakimeshi Mar y Tierra',1),(3710,'Milanesa con tacu tacu',2),(3711,'Botella de Chicha',2),(3712,'Kiwi',2),(3713,'Vino Tinto Importado',1),(3714,'Costillas de Cerdo',2),(3715,'Cena Continental',2),(3716,'Tiradito Lenguado',2),(3717,'Agua San Luis 410 ml.',2),(3718,'Causa Roll',2),(3719,'Desayuno Opción 1',1),(3720,'Parihuela Mariscos Fuente Mediana',1),(3721,'Pierna Ahumada de Pavo',1),(3722,'Para 8 Personas',1),(3723,'Ravioles de Espinaca y Queso al Horno Alfredo',1),(3724,'Con picante de mariscos',2),(3725,'Deshuesado al Vapor',2),(3726,'Mini Selva Negra',2),(3727,'Trucha Frita',2),(3728,'Enrollado de Verduras y Queso',2),(3729,'Cuzqueña Negra',2),(3730,'Extravaganza',1),(3731,'Philadelphia',2),(3732,'Chorizo + papas + ensalada',2),(3733,'1 pollo + papas + ensalada + 1/2 pollo',2),(3734,'Parichuela de Lenguado',1),(3735,'Tacu Tacus Chicos',2),(3736,'Coctel de Langostinos',2),(3737,'Cartavio 5 Años 750ml',2),(3738,'Mixta',2),(3739,'Mediana',1),(3740,'Individual',1),(3741,'Papa Rellena de Lomo Saltado',1),(3742,'Bola de oro (16 cm. Diámetro)',2),(3743,'Sakana Tempura',2),(3744,'Alamos Malbec',2),(3745,'Saltado de Pescado',1),(3746,'Temakis',1),(3747,'Chalaca Roll',1),(3748,'Clásico de tomate + huevo + palta',2),(3749,'Absolut 750ml',1),(3750,'Tartaletitas de Ají de Gallina',1),(3751,'Al Aceite de Oliva y Ajo',1),(3752,'Crema De Ron Cartavio',1),(3753,'Quiche Caprese',2),(3754,'Chita en Crema de Camarones',2),(3755,'Cachema Frita con Frejoles',1),(3756,'Jugo de Plátano',1);
/*!40000 ALTER TABLE `product` ENABLE KEYS */;
UNLOCK TABLES;

--
-- Table structure for table `product_has_ingredients`
--

DROP TABLE IF EXISTS `product_has_ingredients`;
/*!40101 SET @saved_cs_client     = @@character_set_client */;
/*!40101 SET character_set_client = utf8 */;
CREATE TABLE `product_has_ingredients` (
  `id` int(11) NOT NULL AUTO_INCREMENT,
  `product_id` int(11) NOT NULL,
  `ingredient_id` int(11) NOT NULL,
  PRIMARY KEY (`id`),
  KEY `fk_product_has_ingredients_ingredients1` (`ingredient_id`),
  KEY `fk_product_has_ingredients_product1` (`product_id`),
  CONSTRAINT `fk_product_has_ingredients_product1` FOREIGN KEY (`product_id`) REFERENCES `product` (`id`) ON DELETE NO ACTION ON UPDATE NO ACTION,
  CONSTRAINT `fk_product_has_ingredients_ingredients1` FOREIGN KEY (`ingredient_id`) REFERENCES `ingredient` (`id`) ON DELETE NO ACTION ON UPDATE NO ACTION
) ENGINE=InnoDB DEFAULT CHARSET=utf8;
/*!40101 SET character_set_client = @saved_cs_client */;

--
-- Dumping data for table `product_has_ingredients`
--

LOCK TABLES `product_has_ingredients` WRITE;
/*!40000 ALTER TABLE `product_has_ingredients` DISABLE KEYS */;
/*!40000 ALTER TABLE `product_has_ingredients` ENABLE KEYS */;
UNLOCK TABLES;

--
-- Table structure for table `profile`
--

DROP TABLE IF EXISTS `profile`;
/*!40101 SET @saved_cs_client     = @@character_set_client */;
/*!40101 SET character_set_client = utf8 */;
CREATE TABLE `profile` (
  `id` int(11) NOT NULL AUTO_INCREMENT,
  `name` varchar(45) DEFAULT NULL,
  PRIMARY KEY (`id`)
) ENGINE=InnoDB DEFAULT CHARSET=utf8;
/*!40101 SET character_set_client = @saved_cs_client */;

--
-- Dumping data for table `profile`
--

LOCK TABLES `profile` WRITE;
/*!40000 ALTER TABLE `profile` DISABLE KEYS */;
/*!40000 ALTER TABLE `profile` ENABLE KEYS */;
UNLOCK TABLES;

--
-- Table structure for table `profile_has_task`
--

DROP TABLE IF EXISTS `profile_has_task`;
/*!40101 SET @saved_cs_client     = @@character_set_client */;
/*!40101 SET character_set_client = utf8 */;
CREATE TABLE `profile_has_task` (
  `id` int(11) NOT NULL AUTO_INCREMENT,
  `profile_id` int(11) NOT NULL,
  `task_id` int(11) NOT NULL,
  PRIMARY KEY (`id`),
  KEY `fk_profile_has_task_task1` (`task_id`),
  KEY `fk_profile_has_task_profile1` (`profile_id`),
  CONSTRAINT `fk_profile_has_task_profile1` FOREIGN KEY (`profile_id`) REFERENCES `profile` (`id`) ON DELETE NO ACTION ON UPDATE NO ACTION,
  CONSTRAINT `fk_profile_has_task_task1` FOREIGN KEY (`task_id`) REFERENCES `task` (`id`) ON DELETE NO ACTION ON UPDATE NO ACTION
) ENGINE=InnoDB DEFAULT CHARSET=utf8;
/*!40101 SET character_set_client = @saved_cs_client */;

--
-- Dumping data for table `profile_has_task`
--

LOCK TABLES `profile_has_task` WRITE;
/*!40000 ALTER TABLE `profile_has_task` DISABLE KEYS */;
/*!40000 ALTER TABLE `profile_has_task` ENABLE KEYS */;
UNLOCK TABLES;

--
-- Table structure for table `restaurant`
--

DROP TABLE IF EXISTS `restaurant`;
/*!40101 SET @saved_cs_client     = @@character_set_client */;
/*!40101 SET character_set_client = utf8 */;
CREATE TABLE `restaurant` (
  `id` int(11) NOT NULL AUTO_INCREMENT,
  `restaurant_request_id` int(11) NOT NULL,
  PRIMARY KEY (`id`),
  KEY `fk_restaurant_restaurant_request1` (`restaurant_request_id`),
  CONSTRAINT `fk_restaurant_restaurant_request1` FOREIGN KEY (`restaurant_request_id`) REFERENCES `restaurant_request` (`id`) ON DELETE NO ACTION ON UPDATE NO ACTION
) ENGINE=InnoDB AUTO_INCREMENT=92 DEFAULT CHARSET=utf8;
/*!40101 SET character_set_client = @saved_cs_client */;

--
-- Dumping data for table `restaurant`
--

LOCK TABLES `restaurant` WRITE;
/*!40000 ALTER TABLE `restaurant` DISABLE KEYS */;
INSERT INTO `restaurant` VALUES (1,1),(2,2),(3,3),(4,4),(5,5),(6,6),(7,7),(8,8),(9,9),(10,10),(11,11),(12,12),(13,13),(14,14),(15,15),(16,16),(17,17),(18,18),(19,19),(20,20),(21,21),(22,22),(23,23),(24,24),(25,25),(26,26),(27,27),(28,28),(29,29),(30,30),(31,31),(32,32),(33,33),(34,34),(35,35),(36,36),(37,37),(38,38),(39,39),(40,40),(41,41),(42,42),(43,43),(44,44),(45,45),(46,46),(47,47),(48,48),(49,49),(50,50),(51,51),(52,52),(53,53),(54,54),(55,55),(56,56),(57,57),(58,58),(59,59),(60,60),(61,61),(62,62),(63,63),(64,64),(65,65),(66,66),(67,67),(68,68),(69,69),(70,70),(71,71),(72,72),(73,73),(74,74),(75,75),(76,76),(77,77),(78,78),(79,79),(80,80),(81,81),(82,82),(83,83),(84,84),(85,85),(86,86),(87,87),(88,88),(89,89),(90,90),(91,91);
/*!40000 ALTER TABLE `restaurant` ENABLE KEYS */;
UNLOCK TABLES;

--
-- Table structure for table `restaurant_has_user`
--

DROP TABLE IF EXISTS `restaurant_has_user`;
/*!40101 SET @saved_cs_client     = @@character_set_client */;
/*!40101 SET character_set_client = utf8 */;
CREATE TABLE `restaurant_has_user` (
  `id` int(11) NOT NULL AUTO_INCREMENT,
  `user_id` int(11) NOT NULL,
  `restaurant_id` int(11) DEFAULT NULL,
  `local_id` int(11) DEFAULT NULL,
  `profile_id` int(11) NOT NULL,
  PRIMARY KEY (`id`),
  KEY `fk_restaurant_has_user_user1` (`user_id`),
  KEY `fk_restaurant_has_user_restaurant1` (`restaurant_id`),
  KEY `fk_restaurant_has_user_local1` (`local_id`),
  KEY `fk_restaurant_has_user_profile1` (`profile_id`),
  CONSTRAINT `fk_restaurant_has_user_user1` FOREIGN KEY (`user_id`) REFERENCES `user` (`id`) ON DELETE NO ACTION ON UPDATE NO ACTION,
  CONSTRAINT `fk_restaurant_has_user_restaurant1` FOREIGN KEY (`restaurant_id`) REFERENCES `restaurant` (`id`) ON DELETE NO ACTION ON UPDATE NO ACTION,
  CONSTRAINT `fk_restaurant_has_user_local1` FOREIGN KEY (`local_id`) REFERENCES `local` (`id`) ON DELETE NO ACTION ON UPDATE NO ACTION,
  CONSTRAINT `fk_restaurant_has_user_profile1` FOREIGN KEY (`profile_id`) REFERENCES `profile` (`id`) ON DELETE NO ACTION ON UPDATE NO ACTION
) ENGINE=InnoDB DEFAULT CHARSET=utf8;
/*!40101 SET character_set_client = @saved_cs_client */;

--
-- Dumping data for table `restaurant_has_user`
--

LOCK TABLES `restaurant_has_user` WRITE;
/*!40000 ALTER TABLE `restaurant_has_user` DISABLE KEYS */;
/*!40000 ALTER TABLE `restaurant_has_user` ENABLE KEYS */;
UNLOCK TABLES;

--
-- Table structure for table `restaurant_request`
--

DROP TABLE IF EXISTS `restaurant_request`;
/*!40101 SET @saved_cs_client     = @@character_set_client */;
/*!40101 SET character_set_client = utf8 */;
CREATE TABLE `restaurant_request` (
  `id` int(11) NOT NULL AUTO_INCREMENT,
  `email` varchar(45) DEFAULT NULL,
  `name` varchar(45) DEFAULT NULL,
  `restaurant_name` varchar(45) DEFAULT NULL,
  `website` varchar(45) DEFAULT NULL,
  `phone` varchar(45) DEFAULT NULL,
  `address` varchar(45) DEFAULT NULL,
  `confirmation_token` varchar(45) DEFAULT NULL,
  PRIMARY KEY (`id`)
) ENGINE=InnoDB AUTO_INCREMENT=92 DEFAULT CHARSET=utf8;
/*!40101 SET character_set_client = @saved_cs_client */;

--
-- Dumping data for table `restaurant_request`
--

LOCK TABLES `restaurant_request` WRITE;
/*!40000 ALTER TABLE `restaurant_request` DISABLE KEYS */;
INSERT INTO `restaurant_request` VALUES (1,'test@url.com','Mario Lamas','Royalé Restaurante','www.kunfood.com','5555555','Av XYZ 123','000000000'),(2,'test@url.com','Mario Lamas','The Perfect Breakfast','www.kunfood.com','5555555','Av XYZ 123','000000000'),(3,'test@url.com','Mario Lamas','Fortunatos Pizza','www.kunfood.com','5555555','Av XYZ 123','000000000'),(4,'test@url.com','Mario Lamas','Licorería La 620','www.kunfood.com','5555555','Av XYZ 123','000000000'),(5,'test@url.com','Mario Lamas','Don Pasquale','www.kunfood.com','5555555','Av XYZ 123','000000000'),(6,'test@url.com','Mario Lamas','Zhandeira','www.kunfood.com','5555555','Av XYZ 123','000000000'),(7,'test@url.com','Mario Lamas','Donatello','www.kunfood.com','5555555','Av XYZ 123','000000000'),(8,'test@url.com','Mario Lamas','Fusión Marina','www.kunfood.com','5555555','Av XYZ 123','000000000'),(9,'test@url.com','Mario Lamas','Greens Pizza & Subs','www.kunfood.com','5555555','Av XYZ 123','000000000'),(10,'test@url.com','Mario Lamas','DelyPollo','www.kunfood.com','5555555','Av XYZ 123','000000000'),(11,'test@url.com','Mario Lamas','Frutimiel','www.kunfood.com','5555555','Av XYZ 123','000000000'),(12,'test@url.com','Mario Lamas','La Bahía Secreta','www.kunfood.com','5555555','Av XYZ 123','000000000'),(13,'test@url.com','Mario Lamas','La Isla del Encanto','www.kunfood.com','5555555','Av XYZ 123','000000000'),(14,'test@url.com','Mario Lamas','Malua','www.kunfood.com','5555555','Av XYZ 123','000000000'),(15,'test@url.com','Mario Lamas','La Bodeguita Belga','www.kunfood.com','5555555','Av XYZ 123','000000000'),(16,'test@url.com','Mario Lamas','Tequeland','www.kunfood.com','5555555','Av XYZ 123','000000000'),(17,'test@url.com','Mario Lamas','Mr. Sushi','www.kunfood.com','5555555','Av XYZ 123','000000000'),(18,'test@url.com','Mario Lamas','8 Sabores','www.kunfood.com','5555555','Av XYZ 123','000000000'),(19,'test@url.com','Mario Lamas','La Nona Pastas y Pizza','www.kunfood.com','5555555','Av XYZ 123','000000000'),(20,'test@url.com','Mario Lamas','Malena Gourmet','www.kunfood.com','5555555','Av XYZ 123','000000000'),(21,'test@url.com','Mario Lamas','Taky Chicken & Grill','www.kunfood.com','5555555','Av XYZ 123','000000000'),(22,'test@url.com','Mario Lamas','Hijos de Fruta Surco','www.kunfood.com','5555555','Av XYZ 123','000000000'),(23,'test@url.com','Mario Lamas','Tatys Food','www.kunfood.com','5555555','Av XYZ 123','000000000'),(24,'test@url.com','Mario Lamas','Chifa Express','www.kunfood.com','5555555','Av XYZ 123','000000000'),(25,'test@url.com','Mario Lamas','El Chinito','www.kunfood.com','5555555','Av XYZ 123','000000000'),(26,'test@url.com','Mario Lamas','La Panadera','www.kunfood.com','5555555','Av XYZ 123','000000000'),(27,'test@url.com','Mario Lamas','El Molinero','www.kunfood.com','5555555','Av XYZ 123','000000000'),(28,'test@url.com','Mario Lamas','La Zalamera','www.kunfood.com','5555555','Av XYZ 123','000000000'),(29,'test@url.com','Mario Lamas','Gustoso Desayuno Delivery','www.kunfood.com','5555555','Av XYZ 123','000000000'),(30,'test@url.com','Mario Lamas','Papa Johns','www.kunfood.com','5555555','Av XYZ 123','000000000'),(31,'test@url.com','Mario Lamas','Rokys','www.kunfood.com','5555555','Av XYZ 123','000000000'),(32,'test@url.com','Mario Lamas','Suchikara','www.kunfood.com','5555555','Av XYZ 123','000000000'),(33,'test@url.com','Mario Lamas','ATG Anticuchos del Hijo de la Tía Grima','www.kunfood.com','5555555','Av XYZ 123','000000000'),(34,'test@url.com','Mario Lamas','Castillo Azul Desayunos','www.kunfood.com','5555555','Av XYZ 123','000000000'),(35,'test@url.com','Mario Lamas','Pizza Hut Master','www.kunfood.com','5555555','Av XYZ 123','000000000'),(36,'test@url.com','Mario Lamas','Morena Mia','www.kunfood.com','5555555','Av XYZ 123','000000000'),(37,'test@url.com','Mario Lamas','Dos Tenedores','www.kunfood.com','5555555','Av XYZ 123','000000000'),(38,'test@url.com','Mario Lamas','La Salchipapería','www.kunfood.com','5555555','Av XYZ 123','000000000'),(39,'test@url.com','Mario Lamas','Buona Vita','www.kunfood.com','5555555','Av XYZ 123','000000000'),(40,'test@url.com','Mario Lamas','Fratellis','www.kunfood.com','5555555','Av XYZ 123','000000000'),(41,'test@url.com','Mario Lamas','Papa Johns Surco','www.kunfood.com','5555555','Av XYZ 123','000000000'),(42,'test@url.com','Mario Lamas','Doña Julia','www.kunfood.com','5555555','Av XYZ 123','000000000'),(43,'test@url.com','Mario Lamas','Wayro','www.kunfood.com','5555555','Av XYZ 123','000000000'),(44,'test@url.com','Mario Lamas','Wiltons','www.kunfood.com','5555555','Av XYZ 123','000000000'),(45,'test@url.com','Mario Lamas','Makimona Sushi & Roll´s','www.kunfood.com','5555555','Av XYZ 123','000000000'),(46,'test@url.com','Mario Lamas','Dnnos Pizza','www.kunfood.com','5555555','Av XYZ 123','000000000'),(47,'test@url.com','Mario Lamas','Planet Chicken','www.kunfood.com','5555555','Av XYZ 123','000000000'),(48,'test@url.com','Mario Lamas','Sasha Chocolatería y más','www.kunfood.com','5555555','Av XYZ 123','000000000'),(49,'test@url.com','Mario Lamas','MR. KOU','www.kunfood.com','5555555','Av XYZ 123','000000000'),(50,'test@url.com','Mario Lamas','Chifa Hong Kon','www.kunfood.com','5555555','Av XYZ 123','000000000'),(51,'test@url.com','Mario Lamas','ChinaWok','www.kunfood.com','5555555','Av XYZ 123','000000000'),(52,'test@url.com','Mario Lamas','Aló Tengo Sed!','www.kunfood.com','5555555','Av XYZ 123','000000000'),(53,'test@url.com','Mario Lamas','Pasta Pasta','www.kunfood.com','5555555','Av XYZ 123','000000000'),(54,'test@url.com','Mario Lamas','Magma Sushi Lounge','www.kunfood.com','5555555','Av XYZ 123','000000000'),(55,'test@url.com','Mario Lamas','Arawi','www.kunfood.com','5555555','Av XYZ 123','000000000'),(56,'test@url.com','Mario Lamas','Olé Chef','www.kunfood.com','5555555','Av XYZ 123','000000000'),(57,'test@url.com','Mario Lamas','Cevicherías Mero Loco','www.kunfood.com','5555555','Av XYZ 123','000000000'),(58,'test@url.com','Mario Lamas','Los Antojitos de la Nonna','www.kunfood.com','5555555','Av XYZ 123','000000000'),(59,'test@url.com','Mario Lamas','Tortas Fresia (Pastelería Gourmet)','www.kunfood.com','5555555','Av XYZ 123','000000000'),(60,'test@url.com','Mario Lamas','Castillo Azul Desayunos Open Plaza Angamos','www.kunfood.com','5555555','Av XYZ 123','000000000'),(61,'test@url.com','Mario Lamas','D Cazuela','www.kunfood.com','5555555','Av XYZ 123','000000000'),(62,'test@url.com','Mario Lamas','Daiki Sushi y Más','www.kunfood.com','5555555','Av XYZ 123','000000000'),(63,'test@url.com','Mario Lamas','La Pezet','www.kunfood.com','5555555','Av XYZ 123','000000000'),(64,'test@url.com','Mario Lamas','Maga Vilchez Lasagnas Artesanales','www.kunfood.com','5555555','Av XYZ 123','000000000'),(65,'test@url.com','Mario Lamas','Mis Costillitas','www.kunfood.com','5555555','Av XYZ 123','000000000'),(66,'test@url.com','Mario Lamas','Kuss Stropwafels','www.kunfood.com','5555555','Av XYZ 123','000000000'),(67,'test@url.com','Mario Lamas','Cositas Ricas','www.kunfood.com','5555555','Av XYZ 123','000000000'),(68,'test@url.com','Mario Lamas','Don Vasco','www.kunfood.com','5555555','Av XYZ 123','000000000'),(69,'test@url.com','Mario Lamas','BCN Catering','www.kunfood.com','5555555','Av XYZ 123','000000000'),(70,'test@url.com','Mario Lamas','Kabuki Sushi & Rolls','www.kunfood.com','5555555','Av XYZ 123','000000000'),(71,'test@url.com','Mario Lamas','A la brasa pollos y carnes','www.kunfood.com','5555555','Av XYZ 123','000000000'),(72,'test@url.com','Mario Lamas','Dilo en Chocolate','www.kunfood.com','5555555','Av XYZ 123','000000000'),(73,'test@url.com','Mario Lamas','Mananísimo','www.kunfood.com','5555555','Av XYZ 123','000000000'),(74,'test@url.com','Mario Lamas','El Rincón Piurano','www.kunfood.com','5555555','Av XYZ 123','000000000'),(75,'test@url.com','Mario Lamas','Dominos Pizza','www.kunfood.com','5555555','Av XYZ 123','000000000'),(76,'test@url.com','Mario Lamas','KFC','www.kunfood.com','5555555','Av XYZ 123','000000000'),(77,'test@url.com','Mario Lamas','Sanguchería 377','www.kunfood.com','5555555','Av XYZ 123','000000000'),(78,'test@url.com','Mario Lamas','Delimas','www.kunfood.com','5555555','Av XYZ 123','000000000'),(79,'test@url.com','Mario Lamas','Chickenjaus','www.kunfood.com','5555555','Av XYZ 123','000000000'),(80,'test@url.com','Mario Lamas','Casa Dei Cappelletti','www.kunfood.com','5555555','Av XYZ 123','000000000'),(81,'test@url.com','Mario Lamas','El Juguito','www.kunfood.com','5555555','Av XYZ 123','000000000'),(82,'test@url.com','Mario Lamas','Pollos del Inka','www.kunfood.com','5555555','Av XYZ 123','000000000'),(83,'test@url.com','Mario Lamas','Menta Pimienta','www.kunfood.com','5555555','Av XYZ 123','000000000'),(84,'test@url.com','Mario Lamas','La Leña La Molina','www.kunfood.com','5555555','Av XYZ 123','000000000'),(85,'test@url.com','Mario Lamas','La Pregonera','www.kunfood.com','5555555','Av XYZ 123','000000000'),(86,'test@url.com','Mario Lamas','El Perucho Sanguchería','www.kunfood.com','5555555','Av XYZ 123','000000000'),(87,'test@url.com','Mario Lamas','Frutamanía','www.kunfood.com','5555555','Av XYZ 123','000000000'),(88,'test@url.com','Mario Lamas','Cream Cake Factory','www.kunfood.com','5555555','Av XYZ 123','000000000'),(89,'test@url.com','Mario Lamas','Lima Vegetariana','www.kunfood.com','5555555','Av XYZ 123','000000000'),(90,'test@url.com','Mario Lamas','La Reposterrica Pastelería Fina','www.kunfood.com','5555555','Av XYZ 123','000000000'),(91,'test@url.com','Mario Lamas','Las Canastas','www.kunfood.com','5555555','Av XYZ 123','000000000');
/*!40000 ALTER TABLE `restaurant_request` ENABLE KEYS */;
UNLOCK TABLES;

--
-- Table structure for table `task`
--

DROP TABLE IF EXISTS `task`;
/*!40101 SET @saved_cs_client     = @@character_set_client */;
/*!40101 SET character_set_client = utf8 */;
CREATE TABLE `task` (
  `id` int(11) NOT NULL AUTO_INCREMENT,
  `name` varchar(45) DEFAULT NULL,
  PRIMARY KEY (`id`)
) ENGINE=InnoDB DEFAULT CHARSET=utf8;
/*!40101 SET character_set_client = @saved_cs_client */;

--
-- Dumping data for table `task`
--

LOCK TABLES `task` WRITE;
/*!40000 ALTER TABLE `task` DISABLE KEYS */;
/*!40000 ALTER TABLE `task` ENABLE KEYS */;
UNLOCK TABLES;

--
-- Table structure for table `user`
--

DROP TABLE IF EXISTS `user`;
/*!40101 SET @saved_cs_client     = @@character_set_client */;
/*!40101 SET character_set_client = utf8 */;
CREATE TABLE `user` (
  `id` int(11) NOT NULL AUTO_INCREMENT,
  `email` varchar(45) DEFAULT NULL,
  PRIMARY KEY (`id`)
) ENGINE=InnoDB DEFAULT CHARSET=utf8;
/*!40101 SET character_set_client = @saved_cs_client */;

--
-- Dumping data for table `user`
--

LOCK TABLES `user` WRITE;
/*!40000 ALTER TABLE `user` DISABLE KEYS */;
/*!40000 ALTER TABLE `user` ENABLE KEYS */;
UNLOCK TABLES;
/*!40103 SET TIME_ZONE=@OLD_TIME_ZONE */;

/*!40101 SET SQL_MODE=@OLD_SQL_MODE */;
/*!40014 SET FOREIGN_KEY_CHECKS=@OLD_FOREIGN_KEY_CHECKS */;
/*!40014 SET UNIQUE_CHECKS=@OLD_UNIQUE_CHECKS */;
/*!40101 SET CHARACTER_SET_CLIENT=@OLD_CHARACTER_SET_CLIENT */;
/*!40101 SET CHARACTER_SET_RESULTS=@OLD_CHARACTER_SET_RESULTS */;
/*!40101 SET COLLATION_CONNECTION=@OLD_COLLATION_CONNECTION */;
/*!40111 SET SQL_NOTES=@OLD_SQL_NOTES */;

-- Dump completed on 2014-03-10 15:42:44
